ImageId,GrainWeight,Gsw,PhiPS2,Fertilizer,Heerup,Kvium,Rembrandt,Sheriff
00000,4004,0.067527,0.627443,0.0,0,1,0,0
00001,6753,0.062773,0.664247,0.5,0,0,0,1
00003,8082,0.123482,0.425904,1.0,0,0,1,0
00007,8520,0.007312,0.691565,1.0,0,0,0,1
00009,8520,0.129374,0.502281,1.0,0,0,0,1
00010,6460,-0.007656,0.721888,1.0,0,1,0,0
00012,5264,0.034239,0.489832,0.5,1,0,0,0
00013,4220,0.000678,0.674351,0.0,0,0,0,1
00014,6460,0.018763,0.713178,1.0,0,1,0,0
00018,3100,0.029737,0.702569,0.0,0,0,0,1
00019,7520,0.026874,0.687446,1.0,1,0,0,0
00020,8193,0.061752,0.515833,1.0,1,0,0,0
00023,8680,0.061537,0.500908,1.0,0,0,1,0
00026,9196,0.01173,0.710942,1.0,0,0,1,0
00028,4660,0.0565,0.613383,0.0,0,0,1,0
00030,8520,0.066907,0.45526,1.0,0,0,0,1
00031,4004,0.018816,0.54963,0.0,0,1,0,0
00034,8680,0.071823,0.560387,1.0,0,0,1,0
00035,8680,0.115134,0.552408,1.0,0,0,1,0
00036,8193,0.107681,0.5233,1.0,1,0,0,0
00038,3713,0.011703,0.697307,0.0,0,0,0,1
00040,4660,0.090107,0.62196,0.0,0,0,1,0
00041,6760,0.05589,0.648457,1.0,1,0,0,0
00042,8520,0.03368,0.663935,1.0,0,0,0,1
00043,6460,0.009012,0.674881,1.0,0,1,0,0
00044,9196,0.013923,0.4664,1.0,0,0,1,0
00045,6760,0.076687,0.601123,1.0,1,0,0,0
00046,3100,0.043124,0.698188,0.0,0,0,0,1
00047,8680,0.036897,0.498767,1.0,0,0,1,0
00048,9742,0.025896,0.617581,1.0,0,1,0,0
00049,3713,0.061787,0.431148,0.0,0,0,0,1
00050,3713,0.065295,0.439261,0.0,0,0,0,1
00051,4220,0.038941,0.38224,0.0,0,0,0,1
00052,6460,0.055308,0.457629,1.0,0,1,0,0
00053,4660,0.059328,0.454557,0.0,0,0,1,0
00054,7438,-0.004155,0.71493,0.5,0,1,0,0
00057,9196,0.055688,0.370985,1.0,0,0,1,0
00058,4660,0.054835,0.591757,0.0,0,0,1,0
00059,4004,0.018816,0.54963,0.0,0,1,0,0
00060,6460,0.048985,0.516796,1.0,0,1,0,0
00063,6760,0.089184,0.494072,1.0,1,0,0,0
00066,4004,0.115978,0.49739,0.0,0,1,0,0
00067,8680,0.118088,0.544736,1.0,0,0,1,0
00068,8680,0.102178,0.490432,1.0,0,0,1,0
00069,6760,0.019095,0.599747,1.0,1,0,0,0
00070,4660,0.03796,0.517268,0.0,0,0,1,0
00071,7438,-0.004155,0.71493,0.5,0,1,0,0
00073,6076,0.033171,0.6958,0.5,0,1,0,0
00074,8193,0.157276,0.442318,1.0,1,0,0,0
00077,8680,0.057576,0.602933,1.0,0,0,1,0
00078,4247,0.06058,0.350337,0.0,0,0,1,0
00079,8520,0.038623,0.676746,1.0,0,0,0,1
00082,6460,0.048923,0.535271,1.0,0,1,0,0
00083,9196,0.031996,0.674779,1.0,0,0,1,0
00084,6460,-0.007838,0.74118,1.0,0,1,0,0
00085,4004,0.092976,0.629131,0.0,0,1,0,0
00086,8520,0.056256,0.56757,1.0,0,0,0,1
00088,6460,0.019892,0.5474,1.0,0,1,0,0
00089,9742,0.041057,0.704035,1.0,0,1,0,0
00090,3100,0.030081,0.396473,0.0,0,0,0,1
00093,6760,0.004684,0.701132,1.0,1,0,0,0
00094,4220,-0.002791,0.684751,0.0,0,0,0,1
00095,4004,0.091579,0.459469,0.0,0,1,0,0
00096,9196,0.085413,0.526405,1.0,0,0,1,0
00098,3713,0.067173,0.427894,0.0,0,0,0,1
00101,3480,0.069774,0.50098,0.0,1,0,0,0
00102,3480,0.059771,0.641062,0.0,1,0,0,0
00103,4220,0.008343,0.696997,0.0,0,0,0,1
00104,8193,0.107209,0.615194,1.0,1,0,0,0
00105,6760,0.070115,0.533586,1.0,1,0,0,0
00106,3480,0.046269,0.628399,0.0,1,0,0,0
00111,6760,0.072296,0.504074,1.0,1,0,0,0
00112,3713,0.072612,0.466943,0.0,0,0,0,1
00113,9196,0.100226,0.433905,1.0,0,0,1,0
00114,4220,0.057375,0.445377,0.0,0,0,0,1
00116,8193,0.118173,0.551395,1.0,1,0,0,0
00117,4220,0.025875,0.513442,0.0,0,0,0,1
00118,6460,0.046547,0.655841,1.0,0,1,0,0
00121,3713,0.008557,0.695004,0.0,0,0,0,1
00122,3100,0.023406,0.49695,0.0,0,0,0,1
00123,6076,0.062469,0.69141,0.5,0,1,0,0
00125,3480,0.034222,0.410739,0.0,1,0,0,0
00128,3713,0.050854,0.448847,0.0,0,0,0,1
00131,6711,0.066825,0.684286,0.5,0,1,0,0
00133,3480,0.044062,0.421044,0.0,1,0,0,0
00135,7520,0.048069,0.582417,1.0,1,0,0,0
00136,9742,0.049024,0.597754,1.0,0,1,0,0
00138,7520,0.106534,0.481839,1.0,1,0,0,0
00139,4660,0.033291,0.7052,0.0,0,0,1,0
00140,7520,0.116762,0.477431,1.0,1,0,0,0
00141,8193,0.07964,0.669324,1.0,1,0,0,0
00142,8193,0.035273,0.645959,1.0,1,0,0,0
00143,9196,0.06368,0.473377,1.0,0,0,1,0
00144,3480,0.044549,0.667793,0.0,1,0,0,0
00145,3480,0.042679,0.681426,0.0,1,0,0,0
00146,4247,0.055153,0.565706,0.0,0,0,1,0
00147,4004,0.094422,0.463622,0.0,0,1,0,0
00149,8193,0.088271,0.473576,1.0,1,0,0,0
00151,8082,0.038517,0.694699,1.0,0,0,1,0
00152,7438,0.085718,0.691327,0.5,0,1,0,0
00153,4220,0.081324,0.445338,0.0,0,0,0,1
00155,7520,0.022826,0.682651,1.0,1,0,0,0
00156,3480,0.030419,0.294292,0.0,1,0,0,0
00159,4660,0.077967,0.369431,0.0,0,0,1,0
00161,3480,0.079165,0.689803,0.0,1,0,0,0
00164,4220,0.010233,0.717049,0.0,0,0,0,1
00165,8082,0.037485,0.422929,1.0,0,0,1,0
00167,8193,0.103871,0.550596,1.0,1,0,0,0
00168,9742,0.104797,0.564515,1.0,0,1,0,0
00169,8082,0.065649,0.69516,1.0,0,0,1,0
00172,8520,0.019502,0.680459,1.0,0,0,0,1
00173,9196,0.11147,0.512277,1.0,0,0,1,0
00174,4004,0.043788,0.516269,0.0,0,1,0,0
00175,8520,0.01674,0.676294,1.0,0,0,0,1
00176,6760,0.051226,0.448436,1.0,1,0,0,0
00177,8193,0.157276,0.442318,1.0,1,0,0,0
00178,7520,0.086754,0.518156,1.0,1,0,0,0
00179,5264,0.050593,0.391241,0.5,1,0,0,0
00180,4247,0.084462,0.347366,0.0,0,0,1,0
00181,8520,0.051677,0.684414,1.0,0,0,0,1
00184,7520,0.086115,0.484574,1.0,1,0,0,0
00185,8680,0.037617,0.689428,1.0,0,0,1,0
00189,8680,0.071217,0.470037,1.0,0,0,1,0
00193,4247,0.052258,0.411848,0.0,0,0,1,0
00194,7520,0.026874,0.687446,1.0,1,0,0,0
00195,3480,0.055635,0.360579,0.0,1,0,0,0
00196,4220,0.049791,0.482904,0.0,0,0,0,1
00197,3100,0.06134,0.425708,0.0,0,0,0,1
00198,4660,0.068865,0.431468,0.0,0,0,1,0
00199,6460,0.032125,0.662938,1.0,0,1,0,0
00200,6460,0.079652,0.667884,1.0,0,1,0,0
00201,4220,0.055094,0.413757,0.0,0,0,0,1
00202,8680,0.076287,0.688894,1.0,0,0,1,0
00204,9196,0.013923,0.4664,1.0,0,0,1,0
00205,7520,0.026115,0.689646,1.0,1,0,0,0
00206,9196,0.049379,0.568668,1.0,0,0,1,0
00209,4660,0.076049,0.364888,0.0,0,0,1,0
00210,6591,0.048291,0.605327,0.5,0,0,1,0
00212,8082,0.057686,0.517041,1.0,0,0,1,0
00214,9742,0.086986,0.474116,1.0,0,1,0,0
00215,6460,0.030028,0.594078,1.0,0,1,0,0
00216,8520,0.063214,0.451814,1.0,0,0,0,1
00219,8520,0.04825,0.473132,1.0,0,0,0,1
00221,9742,0.014547,0.663212,1.0,0,1,0,0
00222,4247,0.06264,0.486068,0.0,0,0,1,0
00224,6460,0.012654,0.596441,1.0,0,1,0,0
00225,6760,0.069361,0.592542,1.0,1,0,0,0
00226,6460,0.032715,0.714938,1.0,0,1,0,0
00228,7520,0.092681,0.557863,1.0,1,0,0,0
00230,3480,0.061546,0.437262,0.0,1,0,0,0
00232,4660,0.051136,0.71008,0.0,0,0,1,0
00233,6760,0.103168,0.481177,1.0,1,0,0,0
00235,6296,0.007082,0.536954,0.5,1,0,0,0
00236,3480,0.056889,0.41461,0.0,1,0,0,0
00237,4247,0.069369,0.641685,0.0,0,0,1,0
00239,3480,0.061546,0.437262,0.0,1,0,0,0
00240,4004,0.028296,0.470354,0.0,0,1,0,0
00242,8680,0.066542,0.46338,1.0,0,0,1,0
00243,8082,0.087351,0.544507,1.0,0,0,1,0
00244,3100,0.045155,0.460434,0.0,0,0,0,1
00245,8520,0.026127,0.667382,1.0,0,0,0,1
00246,8193,0.080966,0.526392,1.0,1,0,0,0
00247,3480,0.044549,0.667793,0.0,1,0,0,0
00249,5880,0.075359,0.615124,0.5,0,0,0,1
00252,8082,0.034711,0.445007,1.0,0,0,1,0
00253,4004,0.087893,0.665049,0.0,0,1,0,0
00254,6460,0.019502,0.600534,1.0,0,1,0,0
00256,8193,0.058303,0.448153,1.0,1,0,0,0
00257,7520,0.076544,0.462396,1.0,1,0,0,0
00258,6460,0.127003,0.528866,1.0,0,1,0,0
00259,8082,0.096272,0.417834,1.0,0,0,1,0
00260,4247,0.097194,0.46239,0.0,0,0,1,0
00262,7520,0.046552,0.459224,1.0,1,0,0,0
00263,9742,0.071103,0.710204,1.0,0,1,0,0
00264,8193,0.109015,0.489261,1.0,1,0,0,0
00265,7520,0.081358,0.51774,1.0,1,0,0,0
00266,4247,0.042207,0.331651,0.0,0,0,1,0
00268,8520,0.009232,0.677229,1.0,0,0,0,1
00269,9742,0.071103,0.710204,1.0,0,1,0,0
00270,6760,0.101447,0.463583,1.0,1,0,0,0
00272,3713,0.063453,0.442042,0.0,0,0,0,1
00273,7438,0.085718,0.691327,0.5,0,1,0,0
00274,3713,0.070766,0.431169,0.0,0,0,0,1
00275,3100,0.061838,0.511638,0.0,0,0,0,1
00276,4220,0.044756,0.424206,0.0,0,0,0,1
00277,6753,0.0438,0.697479,0.5,0,0,0,1
00279,3480,0.092597,0.442178,0.0,1,0,0,0
00280,6296,0.024869,0.637446,0.5,1,0,0,0
00281,8082,0.098224,0.4581,1.0,0,0,1,0
00283,3480,0.074752,0.670059,0.0,1,0,0,0
00285,3100,0.055854,0.696779,0.0,0,0,0,1
00287,9742,0.040783,0.612422,1.0,0,1,0,0
00288,8193,0.07696,0.677431,1.0,1,0,0,0
00291,6460,0.030028,0.594078,1.0,0,1,0,0
00293,6711,0.041887,0.692946,0.5,0,1,0,0
00294,4660,0.046827,0.601812,0.0,0,0,1,0
00295,8193,0.019612,0.587604,1.0,1,0,0,0
00299,3713,0.057253,0.457235,0.0,0,0,0,1
00300,9742,0.043377,0.654497,1.0,0,1,0,0
00302,3100,0.005313,0.706722,0.0,0,0,0,1
00303,8680,0.061537,0.500908,1.0,0,0,1,0
00305,4220,0.062485,0.387133,0.0,0,0,0,1
00306,4247,0.094196,0.676639,0.0,0,0,1,0
00308,4220,0.055094,0.413757,0.0,0,0,0,1
00309,3480,0.042679,0.681426,0.0,1,0,0,0
00310,8193,0.089961,0.574577,1.0,1,0,0,0
00312,3713,0.088705,0.407476,0.0,0,0,0,1
00315,8193,0.080966,0.526392,1.0,1,0,0,0
00316,7438,0.065286,0.69056,0.5,0,1,0,0
00319,6760,0.082813,0.524509,1.0,1,0,0,0
00321,8680,0.054391,0.679109,1.0,0,0,1,0
00327,9196,0.078324,0.418405,1.0,0,0,1,0
00328,6460,0.07787,0.476483,1.0,0,1,0,0
00329,8193,0.109015,0.489261,1.0,1,0,0,0
00330,3480,0.074857,0.429514,0.0,1,0,0,0
00331,4004,0.092976,0.629131,0.0,0,1,0,0
00333,4220,0.008343,0.696997,0.0,0,0,0,1
00334,8193,0.031422,0.667164,1.0,1,0,0,0
00335,6076,0.091342,0.690325,0.5,0,1,0,0
00336,8193,0.08219,0.651923,1.0,1,0,0,0
00337,8193,0.059545,0.654401,1.0,1,0,0,0
00340,9196,0.068075,0.509678,1.0,0,0,1,0
00341,3480,0.098469,0.687174,0.0,1,0,0,0
00342,7520,0.092681,0.557863,1.0,1,0,0,0
00343,8520,0.013509,0.68874,1.0,0,0,0,1
00347,8082,0.046857,0.52513,1.0,0,0,1,0
00349,4660,0.056146,0.71543,0.0,0,0,1,0
00351,3100,0.061636,0.469653,0.0,0,0,0,1
00352,6460,0.036559,0.500466,1.0,0,1,0,0
00357,7520,0.086115,0.484574,1.0,1,0,0,0
00358,6460,0.012654,0.596441,1.0,0,1,0,0
00359,7520,0.003604,0.688427,1.0,1,0,0,0
00360,3100,0.065332,0.382728,0.0,0,0,0,1
00361,9196,0.102752,0.546398,1.0,0,0,1,0
00362,5880,0.044563,0.659464,0.5,0,0,0,1
00363,8680,0.102178,0.490432,1.0,0,0,1,0
00365,7520,0.096166,0.495512,1.0,1,0,0,0
00368,8082,0.045598,0.556064,1.0,0,0,1,0
00370,9196,0.07613,0.476032,1.0,0,0,1,0
00372,6760,0.019095,0.599747,1.0,1,0,0,0
00373,8680,0.071823,0.560387,1.0,0,0,1,0
00374,4660,0.066628,0.345657,0.0,0,0,1,0
00378,4004,0.025153,0.512579,0.0,0,1,0,0
00379,8680,0.052834,0.684607,1.0,0,0,1,0
00383,6591,0.061458,0.596698,0.5,0,0,1,0
00384,4004,0.083525,0.444347,0.0,0,1,0,0
00385,7520,0.081358,0.51774,1.0,1,0,0,0
00386,7520,0.053835,0.470428,1.0,1,0,0,0
00387,8680,0.053376,0.632136,1.0,0,0,1,0
00388,3713,0.013109,0.704849,0.0,0,0,0,1
00389,6460,0.033387,0.692076,1.0,0,1,0,0
00390,4220,0.028306,0.367663,0.0,0,0,0,1
00391,6460,0.102721,0.492313,1.0,0,1,0,0
00393,9742,0.056001,0.614347,1.0,0,1,0,0
00395,6591,0.056749,0.645368,0.5,0,0,1,0
00396,8082,0.027104,0.483287,1.0,0,0,1,0
00398,9742,0.059542,0.683719,1.0,0,1,0,0
00402,8082,0.089144,0.60793,1.0,0,0,1,0
00404,8520,0.007593,0.695778,1.0,0,0,0,1
00406,8193,0.055901,0.5413,1.0,1,0,0,0
00407,3713,0.028558,0.708013,0.0,0,0,0,1
00408,4004,0.044076,0.376525,0.0,0,1,0,0
00410,9196,0.055732,0.441852,1.0,0,0,1,0
00411,8680,0.099984,0.431437,1.0,0,0,1,0
00412,9742,0.014547,0.663212,1.0,0,1,0,0
00414,3480,0.059124,0.579095,0.0,1,0,0,0
00415,6760,0.066126,0.483929,1.0,1,0,0,0
00417,8520,0.023052,0.493348,1.0,0,0,0,1
00418,7520,0.0473,0.529509,1.0,1,0,0,0
00419,6076,0.019214,0.681886,0.5,0,1,0,0
00420,3100,0.038848,0.689025,0.0,0,0,0,1
00423,6076,0.089072,0.688668,0.5,0,1,0,0
00424,8520,0.026127,0.667382,1.0,0,0,0,1
00425,9742,0.07048,0.426391,1.0,0,1,0,0
00426,8082,0.110402,0.451315,1.0,0,0,1,0
00427,7438,0.082025,0.705612,0.5,0,1,0,0
00428,3713,0.06212,0.428201,0.0,0,0,0,1
00429,8082,0.07073,0.431959,1.0,0,0,1,0
00431,8082,0.089116,0.504023,1.0,0,0,1,0
00433,4220,0.06926,0.409708,0.0,0,0,0,1
00434,3480,0.020141,0.667431,0.0,1,0,0,0
00435,6460,0.115325,0.49145,1.0,0,1,0,0
00436,6296,0.047606,0.511576,0.5,1,0,0,0
00437,8082,0.052475,0.700947,1.0,0,0,1,0
00438,8193,0.058303,0.448153,1.0,1,0,0,0
00440,8680,0.037617,0.689428,1.0,0,0,1,0
00442,8082,0.04093,0.50821,1.0,0,0,1,0
00444,4247,0.126774,0.638708,0.0,0,0,1,0
00446,3713,0.10434,0.429093,0.0,0,0,0,1
00447,6753,0.062773,0.664247,0.5,0,0,0,1
00450,6460,-0.005898,0.703463,1.0,0,1,0,0
00452,4220,0.010713,0.510094,0.0,0,0,0,1
00454,7520,0.069162,0.504761,1.0,1,0,0,0
00455,3480,0.053249,0.479987,0.0,1,0,0,0
00457,9742,0.050615,0.470623,1.0,0,1,0,0
00459,3100,0.077448,0.429226,0.0,0,0,0,1
00464,6711,0.004308,0.714607,0.5,0,1,0,0
00465,6760,0.089184,0.494072,1.0,1,0,0,0
00467,6760,0.043404,0.480611,1.0,1,0,0,0
00468,4220,0.03684,0.558774,0.0,0,0,0,1
00469,8193,0.123632,0.538227,1.0,1,0,0,0
00471,7520,0.050955,0.540846,1.0,1,0,0,0
00472,4004,0.10193,0.523207,0.0,0,1,0,0
00473,7520,0.020932,0.694608,1.0,1,0,0,0
00474,6296,0.011252,0.655832,0.5,1,0,0,0
00475,4004,0.018816,0.54963,0.0,0,1,0,0
00477,8082,0.098224,0.4581,1.0,0,0,1,0
00478,7438,0.082025,0.705612,0.5,0,1,0,0
00479,8193,0.049846,0.680299,1.0,1,0,0,0
00481,7520,0.070062,0.504441,1.0,1,0,0,0
00482,8520,0.03964,0.674842,1.0,0,0,0,1
00483,5264,0.051365,0.406153,0.5,1,0,0,0
00484,6076,0.091342,0.690325,0.5,0,1,0,0
00485,3480,0.0486,0.398282,0.0,1,0,0,0
00487,4247,0.055597,0.483565,0.0,0,0,1,0
00488,4220,-0.002791,0.684751,0.0,0,0,0,1
00489,7438,0.061514,0.689376,0.5,0,1,0,0
00490,6711,-0.003553,0.704529,0.5,0,1,0,0
00493,5880,0.004921,0.690471,0.5,0,0,0,1
00495,8193,0.035273,0.645959,1.0,1,0,0,0
00497,4220,0.068463,0.435503,0.0,0,0,0,1
00499,4247,0.061331,0.595943,0.0,0,0,1,0
00500,6760,0.08404,0.440501,1.0,1,0,0,0
00501,6711,0.035778,0.693554,0.5,0,1,0,0
00504,8193,0.067341,0.609185,1.0,1,0,0,0
00505,9196,0.081712,0.487281,1.0,0,0,1,0
00506,9196,0.068534,0.425753,1.0,0,0,1,0
00507,8520,0.068896,0.481009,1.0,0,0,0,1
00510,6460,0.032125,0.662938,1.0,0,1,0,0
00511,3100,0.06134,0.425708,0.0,0,0,0,1
00512,8680,0.052834,0.684607,1.0,0,0,1,0
00513,3713,0.038487,0.694201,0.0,0,0,0,1
00514,8082,0.079497,0.575906,1.0,0,0,1,0
00515,8193,0.10938,0.632521,1.0,1,0,0,0
00516,3100,0.050515,0.419857,0.0,0,0,0,1
00517,8082,0.065649,0.69516,1.0,0,0,1,0
00518,3480,0.051986,0.495355,0.0,1,0,0,0
00521,3100,0.07349,0.452592,0.0,0,0,0,1
00524,8520,0.015036,0.700661,1.0,0,0,0,1
00525,7520,0.028329,0.650074,1.0,1,0,0,0
00528,3100,0.016227,0.65799,0.0,0,0,0,1
00530,4004,0.067089,0.549406,0.0,0,1,0,0
00531,6460,0.031732,0.615579,1.0,0,1,0,0
00532,6760,0.011639,0.647089,1.0,1,0,0,0
00533,6460,0.080094,0.663936,1.0,0,1,0,0
00534,8193,0.061752,0.515833,1.0,1,0,0,0
00537,3713,0.028558,0.708013,0.0,0,0,0,1
00538,6460,0.048985,0.516796,1.0,0,1,0,0
00539,7520,0.076642,0.529514,1.0,1,0,0,0
00540,8680,0.012069,0.551331,1.0,0,0,1,0
00541,6760,0.08404,0.440501,1.0,1,0,0,0
00542,6591,0.048291,0.605327,0.5,0,0,1,0
00545,8193,0.129242,0.519392,1.0,1,0,0,0
00546,9742,0.078207,0.599174,1.0,0,1,0,0
00547,7438,0.096819,0.688721,0.5,0,1,0,0
00548,3480,0.030419,0.294292,0.0,1,0,0,0
00551,6760,0.070197,0.526717,1.0,1,0,0,0
00552,6760,0.012269,0.671017,1.0,1,0,0,0
00553,4220,0.062173,0.629128,0.0,0,0,0,1
00555,9742,0.134651,0.51848,1.0,0,1,0,0
00556,5880,-0.002045,0.643304,0.5,0,0,0,1
00558,4004,0.069489,0.404977,0.0,0,1,0,0
00559,9742,0.085182,0.484503,1.0,0,1,0,0
00560,3100,0.022016,0.269691,0.0,0,0,0,1
00561,3100,0.060303,0.435209,0.0,0,0,0,1
00563,6460,-0.005898,0.703463,1.0,0,1,0,0
00564,4660,0.077371,0.394308,0.0,0,0,1,0
00566,9196,0.046816,0.501282,1.0,0,0,1,0
00569,3480,0.034222,0.410739,0.0,1,0,0,0
00571,4247,0.058996,0.537156,0.0,0,0,1,0
00574,4220,-0.00126,0.678804,0.0,0,0,0,1
00575,4004,0.094422,0.463622,0.0,0,1,0,0
00577,4220,0.041143,0.427811,0.0,0,0,0,1
00580,4220,0.045853,0.421421,0.0,0,0,0,1
00583,9196,0.099453,0.418443,1.0,0,0,1,0
00584,8082,0.011863,0.60579,1.0,0,0,1,0
00586,9742,0.104797,0.564515,1.0,0,1,0,0
00588,4004,0.043788,0.516269,0.0,0,1,0,0
00589,7520,0.102713,0.486503,1.0,1,0,0,0
00592,4004,0.063981,0.454358,0.0,0,1,0,0
00595,5880,0.075359,0.615124,0.5,0,0,0,1
00597,9742,0.08396,0.434661,1.0,0,1,0,0
00598,8193,0.07826,0.651702,1.0,1,0,0,0
00599,6460,0.033388,0.580726,1.0,0,1,0,0
00600,9742,0.093495,0.608597,1.0,0,1,0,0
00602,4247,0.022147,0.618363,0.0,0,0,1,0
00603,4004,0.056796,0.47303,0.0,0,1,0,0
00604,4004,0.067852,0.439585,0.0,0,1,0,0
00605,4004,0.025153,0.512579,0.0,0,1,0,0
00608,4004,0.04525,0.399709,0.0,0,1,0,0
00609,8680,0.103711,0.443344,1.0,0,0,1,0
00611,6076,0.089072,0.688668,0.5,0,1,0,0
00614,4247,0.066273,0.371163,0.0,0,0,1,0
00615,8082,0.037278,0.704501,1.0,0,0,1,0
00617,4660,0.066628,0.345657,0.0,0,0,1,0
00618,9196,0.068534,0.425753,1.0,0,0,1,0
00619,5880,0.010652,0.669872,0.5,0,0,0,1
00621,3713,0.049838,0.526218,0.0,0,0,0,1
00622,7520,0.013626,0.649921,1.0,1,0,0,0
00623,6460,0.087735,0.45576,1.0,0,1,0,0
00624,6760,0.012269,0.671017,1.0,1,0,0,0
00625,3100,0.061838,0.511638,0.0,0,0,0,1
00626,3100,0.065694,0.410168,0.0,0,0,0,1
00627,6753,0.067297,0.66704,0.5,0,0,0,1
00628,8193,0.157276,0.442318,1.0,1,0,0,0
00629,9742,0.127846,0.496413,1.0,0,1,0,0
00630,3713,0.01284,0.688542,0.0,0,0,0,1
00631,4660,0.084169,0.611899,0.0,0,0,1,0
00632,5264,0.060845,0.468136,0.5,1,0,0,0
00636,3100,0.04249,0.490827,0.0,0,0,0,1
00638,7520,0.052729,0.492916,1.0,1,0,0,0
00639,8082,0.079497,0.575906,1.0,0,0,1,0
00640,9742,0.071103,0.710204,1.0,0,1,0,0
00641,7520,0.026874,0.687446,1.0,1,0,0,0
00642,8520,0.039084,0.658954,1.0,0,0,0,1
00643,7520,0.048069,0.582417,1.0,1,0,0,0
00644,8520,0.015036,0.700661,1.0,0,0,0,1
00645,4220,0.05998,0.664283,0.0,0,0,0,1
00646,3713,0.065295,0.439261,0.0,0,0,0,1
00648,3100,0.041358,0.400488,0.0,0,0,0,1
00649,4220,0.059933,0.493026,0.0,0,0,0,1
00651,5880,0.010652,0.669872,0.5,0,0,0,1
00653,4220,0.025875,0.513442,0.0,0,0,0,1
00654,6076,0.019214,0.681886,0.5,0,1,0,0
00656,8082,0.057686,0.517041,1.0,0,0,1,0
00657,3100,0.043124,0.698188,0.0,0,0,0,1
00658,7438,0.003813,0.704313,0.5,0,1,0,0
00660,8520,0.023938,0.690704,1.0,0,0,0,1
00663,7520,0.051879,0.685966,1.0,1,0,0,0
00664,3713,0.057765,0.507875,0.0,0,0,0,1
00665,3713,0.050848,0.431512,0.0,0,0,0,1
00668,6711,0.035778,0.693554,0.5,0,1,0,0
00669,4660,0.045835,0.696394,0.0,0,0,1,0
00670,8520,0.079852,0.553151,1.0,0,0,0,1
00671,6753,0.055663,0.658516,0.5,0,0,0,1
00672,8680,0.111998,0.418787,1.0,0,0,1,0
00673,7520,0.051879,0.685966,1.0,1,0,0,0
00677,4220,0.087351,0.506515,0.0,0,0,0,1
00678,8520,0.04128,0.483576,1.0,0,0,0,1
00680,8680,0.087238,0.429225,1.0,0,0,1,0
00681,7520,0.028329,0.650074,1.0,1,0,0,0
00682,4220,0.081324,0.445338,0.0,0,0,0,1
00684,4220,0.041143,0.427811,0.0,0,0,0,1
00686,4004,0.115978,0.49739,0.0,0,1,0,0
00687,7438,0.003537,0.703669,0.5,0,1,0,0
00689,7520,0.048704,0.451696,1.0,1,0,0,0
00690,6753,0.062179,0.683431,0.5,0,0,0,1
00694,6296,0.024869,0.637446,0.5,1,0,0,0
00695,9742,0.067475,0.666078,1.0,0,1,0,0
00696,3713,0.04175,0.510876,0.0,0,0,0,1
00697,3100,0.029737,0.702569,0.0,0,0,0,1
00699,3713,0.01284,0.688542,0.0,0,0,0,1
00701,3480,0.089925,0.483986,0.0,1,0,0,0
00702,4220,0.023958,0.586919,0.0,0,0,0,1
00706,6760,0.102991,0.525557,1.0,1,0,0,0
00708,8680,0.05212,0.48842,1.0,0,0,1,0
00710,7520,0.051879,0.685966,1.0,1,0,0,0
00712,8082,0.084875,0.476886,1.0,0,0,1,0
00714,6460,0.019502,0.600534,1.0,0,1,0,0
00716,6711,-0.003553,0.704529,0.5,0,1,0,0
00717,8520,0.042884,0.67569,1.0,0,0,0,1
00720,8520,0.076374,0.451177,1.0,0,0,0,1
00722,8680,0.041526,0.487987,1.0,0,0,1,0
00723,4660,0.010653,0.703576,0.0,0,0,1,0
00724,8680,0.032467,0.668648,1.0,0,0,1,0
00727,4247,0.070788,0.457158,0.0,0,0,1,0
00728,4247,0.078483,0.442997,0.0,0,0,1,0
00729,5264,0.040175,0.453139,0.5,1,0,0,0
00730,3713,0.051632,0.477895,0.0,0,0,0,1
00731,4220,0.050591,0.508348,0.0,0,0,0,1
00732,4247,0.022147,0.618363,0.0,0,0,1,0
00733,3100,0.035547,0.508716,0.0,0,0,0,1
00734,7520,0.045656,0.508606,1.0,1,0,0,0
00735,9196,0.072737,0.451536,1.0,0,0,1,0
00737,8680,0.08073,0.650715,1.0,0,0,1,0
00738,7520,0.026115,0.689646,1.0,1,0,0,0
00739,4247,0.091218,0.36874,0.0,0,0,1,0
00740,8082,0.087351,0.544507,1.0,0,0,1,0
00741,6760,0.082813,0.524509,1.0,1,0,0,0
00742,8520,0.03368,0.663935,1.0,0,0,0,1
00743,6460,-0.009612,0.725088,1.0,0,1,0,0
00744,8082,0.110402,0.451315,1.0,0,0,1,0
00745,4220,0.062173,0.629128,0.0,0,0,0,1
00747,4220,0.074216,0.443757,0.0,0,0,0,1
00748,9742,0.097309,0.56183,1.0,0,1,0,0
00749,6460,0.083373,0.536866,1.0,0,1,0,0
00750,4004,0.050699,0.494988,0.0,0,1,0,0
00752,8680,0.051447,0.6701,1.0,0,0,1,0
00758,8082,0.044023,0.433199,1.0,0,0,1,0
00760,6460,0.057831,0.396238,1.0,0,1,0,0
00761,4660,0.027791,0.591101,0.0,0,0,1,0
00762,3713,0.068458,0.492538,0.0,0,0,0,1
00764,8082,0.018728,0.712791,1.0,0,0,1,0
00766,4660,0.006756,0.136364,0.0,0,0,1,0
00767,6460,0.067376,0.666344,1.0,0,1,0,0
00768,9742,0.010617,0.678516,1.0,0,1,0,0
00769,6296,0.004062,0.487983,0.5,1,0,0,0
00772,9196,0.085785,0.664103,1.0,0,0,1,0
00773,4247,0.061331,0.595943,0.0,0,0,1,0
00778,6760,0.076687,0.601123,1.0,1,0,0,0
00781,3713,0.059855,0.44102,0.0,0,0,0,1
00782,6753,0.031792,0.669438,0.5,0,0,0,1
00784,3100,0.04249,0.490827,0.0,0,0,0,1
00785,3480,0.054358,0.568704,0.0,1,0,0,0
00786,8680,0.115134,0.552408,1.0,0,0,1,0
00787,6460,0.102721,0.492313,1.0,0,1,0,0
00788,6076,0.092924,0.651678,0.5,0,1,0,0
00789,4004,0.047876,0.684944,0.0,0,1,0,0
00792,4220,0.030035,0.707595,0.0,0,0,0,1
00793,9196,0.091888,0.508961,1.0,0,0,1,0
00794,3100,0.035547,0.508716,0.0,0,0,0,1
00796,4660,0.063359,0.557477,0.0,0,0,1,0
00801,6296,0.007082,0.536954,0.5,1,0,0,0
00802,9196,0.042902,0.689917,1.0,0,0,1,0
00803,4220,0.047189,0.465851,0.0,0,0,0,1
00804,6460,0.012654,0.596441,1.0,0,1,0,0
00807,8193,0.067341,0.609185,1.0,1,0,0,0
00810,4004,0.040864,0.474255,0.0,0,1,0,0
00811,6460,0.048985,0.516796,1.0,0,1,0,0
00812,3713,0.106347,0.451993,0.0,0,0,0,1
00813,6460,0.009012,0.674881,1.0,0,1,0,0
00814,3713,0.053335,0.388651,0.0,0,0,0,1
00815,8193,0.069722,0.641972,1.0,1,0,0,0
00820,3100,0.06134,0.425708,0.0,0,0,0,1
00821,3713,0.106347,0.451993,0.0,0,0,0,1
00824,8520,0.023938,0.690704,1.0,0,0,0,1
00827,4247,0.04894,0.663001,0.0,0,0,1,0
00828,3480,0.093616,0.426413,0.0,1,0,0,0
00829,8082,0.088173,0.465002,1.0,0,0,1,0
00830,8082,0.052475,0.700947,1.0,0,0,1,0
00831,6591,0.089019,0.68583,0.5,0,0,1,0
00833,5264,0.060845,0.468136,0.5,1,0,0,0
00835,9196,0.099453,0.418443,1.0,0,0,1,0
00836,4247,0.069885,0.367031,0.0,0,0,1,0
00837,7520,0.063289,0.444782,1.0,1,0,0,0
00838,4004,0.097251,0.511126,0.0,0,1,0,0
00839,4004,0.045946,0.394895,0.0,0,1,0,0
00840,8082,0.123482,0.425904,1.0,0,0,1,0
00841,6753,0.06741,0.672003,0.5,0,0,0,1
00842,3480,0.070347,0.630114,0.0,1,0,0,0
00843,8082,0.037084,0.518781,1.0,0,0,1,0
00845,4247,0.084462,0.347366,0.0,0,0,1,0
00848,9742,0.090834,0.480768,1.0,0,1,0,0
00849,3713,0.020037,0.69693,0.0,0,0,0,1
00850,6760,0.090386,0.499797,1.0,1,0,0,0
00851,8193,0.058303,0.448153,1.0,1,0,0,0
00852,3713,0.011703,0.697307,0.0,0,0,0,1
00855,7520,0.035383,0.686548,1.0,1,0,0,0
00858,6076,0.092924,0.651678,0.5,0,1,0,0
00859,9196,0.111082,0.517798,1.0,0,0,1,0
00860,3480,0.0479,0.488328,0.0,1,0,0,0
00863,6760,0.066857,0.563173,1.0,1,0,0,0
00864,8680,0.119168,0.537377,1.0,0,0,1,0
00865,3713,0.018825,0.701585,0.0,0,0,0,1
00867,4247,0.060254,0.644467,0.0,0,0,1,0
00869,6591,0.12276,0.40346,0.5,0,0,1,0
00870,6591,0.089019,0.68583,0.5,0,0,1,0
00872,9742,0.034265,0.699007,1.0,0,1,0,0
00873,9196,0.091888,0.508961,1.0,0,0,1,0
00874,3100,0.04759,0.55432,0.0,0,0,0,1
00875,4220,0.041143,0.427811,0.0,0,0,0,1
00876,6460,0.018763,0.713178,1.0,0,1,0,0
00881,6760,0.102991,0.525557,1.0,1,0,0,0
00882,8680,0.03735,0.678318,1.0,0,0,1,0
00883,3100,0.07349,0.452592,0.0,0,0,0,1
00887,9196,0.053767,0.702326,1.0,0,0,1,0
00888,6753,0.049742,0.673807,0.5,0,0,0,1
00889,4220,0.010713,0.510094,0.0,0,0,0,1
00890,4220,0.068463,0.435503,0.0,0,0,0,1
00891,4660,0.063359,0.557477,0.0,0,0,1,0
00894,3100,0.056141,0.537707,0.0,0,0,0,1
00895,8680,0.052737,0.712199,1.0,0,0,1,0
00896,3100,0.038848,0.689025,0.0,0,0,0,1
00898,9742,0.059542,0.683719,1.0,0,1,0,0
00899,4247,0.04502,0.652534,0.0,0,0,1,0
00900,3100,0.04249,0.490827,0.0,0,0,0,1
00901,4004,0.044166,0.694088,0.0,0,1,0,0
00903,6460,0.019892,0.5474,1.0,0,1,0,0
00904,7520,0.020651,0.511396,1.0,1,0,0,0
00905,8193,0.107209,0.615194,1.0,1,0,0,0
00906,4660,0.051136,0.71008,0.0,0,0,1,0
00908,4220,0.057375,0.445377,0.0,0,0,0,1
00910,9742,0.073069,0.499214,1.0,0,1,0,0
00912,9196,0.112879,0.582327,1.0,0,0,1,0
00915,8520,0.042884,0.67569,1.0,0,0,0,1
00916,6711,0.024518,0.686363,0.5,0,1,0,0
00917,6591,0.075094,0.471646,0.5,0,0,1,0
00918,7520,0.106534,0.481839,1.0,1,0,0,0
00919,3480,0.051986,0.495355,0.0,1,0,0,0
00924,8680,0.092055,0.532929,1.0,0,0,1,0
00925,3480,0.092597,0.442178,0.0,1,0,0,0
00926,4660,0.054216,0.635035,0.0,0,0,1,0
00927,8193,0.087024,0.477597,1.0,1,0,0,0
00928,6760,0.043404,0.480611,1.0,1,0,0,0
00929,3100,0.060303,0.435209,0.0,0,0,0,1
00930,7520,0.060308,0.381966,1.0,1,0,0,0
00933,6296,0.010349,0.507231,0.5,1,0,0,0
00934,8193,0.056225,0.625104,1.0,1,0,0,0
00937,5880,0.016489,0.529494,0.5,0,0,0,1
00938,5264,0.050779,0.418542,0.5,1,0,0,0
00940,6753,0.062179,0.683431,0.5,0,0,0,1
00941,7520,0.069162,0.504761,1.0,1,0,0,0
00942,6460,0.065468,0.523683,1.0,0,1,0,0
00943,8082,0.027985,0.60981,1.0,0,0,1,0
00945,9196,0.112879,0.582327,1.0,0,0,1,0
00946,8193,0.019612,0.587604,1.0,1,0,0,0
00949,8082,0.037278,0.704501,1.0,0,0,1,0
00950,8082,0.125323,0.48052,1.0,0,0,1,0
00951,4004,0.063922,0.560493,0.0,0,1,0,0
00953,6760,0.066126,0.483929,1.0,1,0,0,0
00954,8680,0.119168,0.537377,1.0,0,0,1,0
00957,9742,0.067475,0.666078,1.0,0,1,0,0
00961,3480,0.075093,0.63006,0.0,1,0,0,0
00962,6460,-0.007288,0.733181,1.0,0,1,0,0
00965,9196,0.132985,0.509477,1.0,0,0,1,0
00966,6760,0.051434,0.710014,1.0,1,0,0,0
00968,8520,0.019502,0.680459,1.0,0,0,0,1
00970,8193,0.061283,0.659764,1.0,1,0,0,0
00971,8082,0.091501,0.441607,1.0,0,0,1,0
00973,4220,0.07559,0.390911,0.0,0,0,0,1
00975,4220,0.049791,0.482904,0.0,0,0,0,1
00976,4220,0.061179,0.457682,0.0,0,0,0,1
00977,8193,0.087024,0.477597,1.0,1,0,0,0
00978,9196,0.094606,0.499288,1.0,0,0,1,0
00979,4220,0.044756,0.424206,0.0,0,0,0,1
00980,4004,0.083525,0.444347,0.0,0,1,0,0
00984,4660,0.033291,0.7052,0.0,0,0,1,0
00986,8193,0.069722,0.641972,1.0,1,0,0,0
00989,8520,0.100215,0.656381,1.0,0,0,0,1
00991,8520,0.063214,0.451814,1.0,0,0,0,1
00992,8082,0.046857,0.52513,1.0,0,0,1,0
00994,4220,0.041143,0.427811,0.0,0,0,0,1
00995,6711,0.004308,0.714607,0.5,0,1,0,0
00996,7520,0.022826,0.682651,1.0,1,0,0,0
00999,8680,0.087238,0.429225,1.0,0,0,1,0
01002,9196,0.06092,0.5406,1.0,0,0,1,0
01003,6760,0.08404,0.440501,1.0,1,0,0,0
01004,4247,0.058996,0.537156,0.0,0,0,1,0
01005,8680,0.030577,0.675813,1.0,0,0,1,0
01006,4220,0.000678,0.674351,0.0,0,0,0,1
01007,6753,0.067297,0.66704,0.5,0,0,0,1
01009,9196,0.122757,0.452229,1.0,0,0,1,0
01010,4220,-0.00126,0.678804,0.0,0,0,0,1
01011,9196,0.055732,0.441852,1.0,0,0,1,0
01013,6296,0.015254,0.555607,0.5,1,0,0,0
01014,4004,0.129226,0.491525,0.0,0,1,0,0
01016,8193,0.107787,0.557847,1.0,1,0,0,0
01017,9742,0.08396,0.434661,1.0,0,1,0,0
01018,9742,0.034265,0.699007,1.0,0,1,0,0
01021,4220,0.061179,0.457682,0.0,0,0,0,1
01022,9742,0.090834,0.480768,1.0,0,1,0,0
01027,6760,0.066857,0.563173,1.0,1,0,0,0
01029,7520,0.050955,0.540846,1.0,1,0,0,0
01030,3480,0.098469,0.687174,0.0,1,0,0,0
01031,3713,0.057253,0.457235,0.0,0,0,0,1
01032,9742,0.134651,0.51848,1.0,0,1,0,0
01033,6760,0.070197,0.526717,1.0,1,0,0,0
01034,6760,0.069361,0.592542,1.0,1,0,0,0
01036,9196,0.072147,0.625321,1.0,0,0,1,0
01038,8680,0.071217,0.470037,1.0,0,0,1,0
01039,7520,0.045656,0.508606,1.0,1,0,0,0
01040,8082,0.04093,0.50821,1.0,0,0,1,0
01041,8520,-0.002388,0.675508,1.0,0,0,0,1
01043,7520,0.020932,0.694608,1.0,1,0,0,0
01047,4247,0.082934,0.476923,0.0,0,0,1,0
01048,8520,0.056955,0.430619,1.0,0,0,0,1
01050,6760,0.130393,0.459075,1.0,1,0,0,0
01051,8193,0.067374,0.479029,1.0,1,0,0,0
01052,7520,0.076544,0.462396,1.0,1,0,0,0
01054,4004,0.077153,0.423317,0.0,0,1,0,0
01055,4660,0.034771,0.685133,0.0,0,0,1,0
01056,4247,0.069885,0.367031,0.0,0,0,1,0
01059,3480,0.0748,0.639409,0.0,1,0,0,0
01060,6460,0.048985,0.516796,1.0,0,1,0,0
01062,4247,0.091559,0.363289,0.0,0,0,1,0
01063,3713,0.050854,0.448847,0.0,0,0,0,1
01064,8193,0.088271,0.473576,1.0,1,0,0,0
01067,7520,0.028329,0.650074,1.0,1,0,0,0
01068,8082,0.061414,0.40859,1.0,0,0,1,0
01069,4004,0.067527,0.627443,0.0,0,1,0,0
01073,3713,0.105585,0.449322,0.0,0,0,0,1
01074,3480,0.074752,0.670059,0.0,1,0,0,0
01080,8193,0.129242,0.519392,1.0,1,0,0,0
01081,6711,0.066825,0.684286,0.5,0,1,0,0
01082,4660,0.036311,0.594178,0.0,0,0,1,0
01085,8193,0.07395,0.455987,1.0,1,0,0,0
01087,8082,0.030129,0.700185,1.0,0,0,1,0
01088,6760,0.092638,0.478411,1.0,1,0,0,0
01089,3480,0.053249,0.479987,0.0,1,0,0,0
01090,3100,0.097224,0.441937,0.0,0,0,0,1
01091,4220,0.028306,0.367663,0.0,0,0,0,1
01094,9742,0.049024,0.597754,1.0,0,1,0,0
01095,8680,0.096169,0.469593,1.0,0,0,1,0
01096,6760,0.013606,0.700355,1.0,1,0,0,0
01097,3100,0.079822,0.440317,0.0,0,0,0,1
01098,8193,0.067374,0.479029,1.0,1,0,0,0
01099,6753,0.038851,0.624479,0.5,0,0,0,1
01103,9196,0.11147,0.512277,1.0,0,0,1,0
01104,9196,0.049379,0.568668,1.0,0,0,1,0
01105,6711,0.037117,0.703031,0.5,0,1,0,0
01106,8082,0.038517,0.694699,1.0,0,0,1,0
01107,6460,0.102721,0.492313,1.0,0,1,0,0
01108,6591,0.075094,0.471646,0.5,0,0,1,0
01109,9742,0.053707,0.700202,1.0,0,1,0,0
01111,6760,0.103168,0.481177,1.0,1,0,0,0
01112,6460,-0.009612,0.725088,1.0,0,1,0,0
01113,5880,0.044563,0.659464,0.5,0,0,0,1
01114,8193,0.123632,0.538227,1.0,1,0,0,0
01115,6711,0.067668,0.704534,0.5,0,1,0,0
01116,9196,0.132985,0.509477,1.0,0,0,1,0
01117,8520,0.038623,0.676746,1.0,0,0,0,1
01121,5880,0.016489,0.529494,0.5,0,0,0,1
01122,8680,0.092055,0.532929,1.0,0,0,1,0
01123,4247,0.04894,0.663001,0.0,0,0,1,0
01124,3713,0.050638,0.467105,0.0,0,0,0,1
01125,7520,0.035383,0.686548,1.0,1,0,0,0
01130,9196,0.021997,0.683421,1.0,0,0,1,0
01133,4004,0.067089,0.549406,0.0,0,1,0,0
01134,4220,0.041681,0.552984,0.0,0,0,0,1
01136,9742,0.085182,0.484503,1.0,0,1,0,0
01137,6760,0.072296,0.504074,1.0,1,0,0,0
01138,7520,0.070062,0.504441,1.0,1,0,0,0
01139,4660,0.025268,0.662759,0.0,0,0,1,0
01142,4220,0.047189,0.465851,0.0,0,0,0,1
01144,4220,0.041681,0.552984,0.0,0,0,0,1
01145,8082,0.030129,0.700185,1.0,0,0,1,0
01146,9742,0.040783,0.612422,1.0,0,1,0,0
01147,4220,0.061179,0.457682,0.0,0,0,0,1
01148,6760,0.063441,0.56484,1.0,1,0,0,0
01149,8193,0.107681,0.5233,1.0,1,0,0,0
01150,6760,0.025186,0.598373,1.0,1,0,0,0
01151,6460,0.030028,0.594078,1.0,0,1,0,0
01152,4220,0.057375,0.445377,0.0,0,0,0,1
01154,7520,0.05183,0.661357,1.0,1,0,0,0
01155,3713,0.038777,0.68953,0.0,0,0,0,1
01156,8193,0.013457,0.48024,1.0,1,0,0,0
01158,6460,0.098484,0.651174,1.0,0,1,0,0
01159,6076,0.10513,0.662449,0.5,0,1,0,0
01160,6760,0.07899,0.600885,1.0,1,0,0,0
01163,5264,0.050593,0.391241,0.5,1,0,0,0
01165,7438,0.005804,0.724443,0.5,0,1,0,0
01166,6460,0.012654,0.596441,1.0,0,1,0,0
01167,3100,0.056141,0.537707,0.0,0,0,0,1
01169,4660,0.040678,0.377729,0.0,0,0,1,0
01170,9196,0.052865,0.497933,1.0,0,0,1,0
01171,4004,0.019935,0.559578,0.0,0,1,0,0
01172,8082,0.018728,0.712791,1.0,0,0,1,0
01175,8082,0.062749,0.393337,1.0,0,0,1,0
01176,6753,0.038851,0.624479,0.5,0,0,0,1
01177,9196,-0.006826,0.666122,1.0,0,0,1,0
01178,4247,0.075882,0.391076,0.0,0,0,1,0
01180,6460,0.030028,0.594078,1.0,0,1,0,0
01181,4004,0.039626,0.432538,0.0,0,1,0,0
01182,9742,0.093249,0.471843,1.0,0,1,0,0
01183,4660,0.084169,0.611899,0.0,0,0,1,0
01185,6460,0.042965,0.463216,1.0,0,1,0,0
01186,6760,0.05589,0.648457,1.0,1,0,0,0
01190,9196,0.06368,0.473377,1.0,0,0,1,0
01191,5264,0.059712,0.502125,0.5,1,0,0,0
01192,6711,0.024518,0.686363,0.5,0,1,0,0
01193,3713,0.036267,0.464742,0.0,0,0,0,1
01194,6760,0.090386,0.499797,1.0,1,0,0,0
01195,6460,0.019502,0.600534,1.0,0,1,0,0
01197,6760,0.074881,0.554379,1.0,1,0,0,0
01198,8193,0.067374,0.479029,1.0,1,0,0,0
01199,6591,0.045557,0.606358,0.5,0,0,1,0
01200,4660,0.076049,0.364888,0.0,0,0,1,0
01201,8193,0.087024,0.477597,1.0,1,0,0,0
01202,6460,0.07787,0.476483,1.0,0,1,0,0
01203,8680,0.096169,0.469593,1.0,0,0,1,0
01205,4247,0.050926,0.478361,0.0,0,0,1,0
01207,8193,0.139534,0.473224,1.0,1,0,0,0
01209,9742,0.054827,0.50172,1.0,0,1,0,0
01210,4660,0.057643,0.655567,0.0,0,0,1,0
01212,4004,0.073541,0.519387,0.0,0,1,0,0
01213,3100,0.004762,0.671162,0.0,0,0,0,1
01214,8680,0.066542,0.46338,1.0,0,0,1,0
01215,6591,0.05856,0.645779,0.5,0,0,1,0
01216,4004,0.067852,0.439585,0.0,0,1,0,0
01217,6460,0.079652,0.667884,1.0,0,1,0,0
01218,6711,0.055117,0.694025,0.5,0,1,0,0
01219,4247,0.060094,0.411615,0.0,0,0,1,0
01220,6460,0.095296,0.48679,1.0,0,1,0,0
01221,3100,0.10662,0.536334,0.0,0,0,0,1
01222,8082,0.094431,0.5067,1.0,0,0,1,0
01224,9742,0.081408,0.511816,1.0,0,1,0,0
01226,6076,0.062469,0.69141,0.5,0,1,0,0
01227,6591,0.045557,0.606358,0.5,0,0,1,0
01229,9742,0.046115,0.489037,1.0,0,1,0,0
01231,8680,0.084252,0.498359,1.0,0,0,1,0
01232,3480,0.059661,0.634864,0.0,1,0,0,0
01233,5880,-0.000493,0.689735,0.5,0,0,0,1
01234,3480,0.025902,0.293761,0.0,1,0,0,0
01236,9196,0.052865,0.497933,1.0,0,0,1,0
01237,6460,-0.002781,0.720198,1.0,0,1,0,0
01238,4220,0.045419,0.596492,0.0,0,0,0,1
01239,6460,0.083373,0.536866,1.0,0,1,0,0
01240,3100,0.07349,0.452592,0.0,0,0,0,1
01244,6460,0.033387,0.692076,1.0,0,1,0,0
01246,4220,0.061179,0.457682,0.0,0,0,0,1
01248,8680,0.041526,0.487987,1.0,0,0,1,0
01250,3480,0.044385,0.663205,0.0,1,0,0,0
01252,3480,0.063481,0.502821,0.0,1,0,0,0
01253,8520,0.051677,0.684414,1.0,0,0,0,1
01254,8520,-0.002388,0.675508,1.0,0,0,0,1
01255,8193,0.069994,0.500292,1.0,1,0,0,0
01257,9742,0.100518,0.647724,1.0,0,1,0,0
01258,4660,0.05353,0.471899,0.0,0,0,1,0
01259,8082,0.096272,0.417834,1.0,0,0,1,0
01262,4004,0.039626,0.432538,0.0,0,1,0,0
01264,8193,0.09752,0.494217,1.0,1,0,0,0
01267,3100,0.022016,0.269691,0.0,0,0,0,1
01268,4004,0.044076,0.376525,0.0,0,1,0,0
01270,8193,0.139534,0.473224,1.0,1,0,0,0
01271,7520,0.064838,0.499843,1.0,1,0,0,0
01272,8082,0.122426,0.505203,1.0,0,0,1,0
01273,8520,0.04561,0.659437,1.0,0,0,0,1
01274,3100,0.065332,0.382728,0.0,0,0,0,1
01276,4220,0.062485,0.387133,0.0,0,0,0,1
01277,9196,0.053767,0.702326,1.0,0,0,1,0
01278,6591,0.05856,0.645779,0.5,0,0,1,0
01280,7520,0.020932,0.694608,1.0,1,0,0,0
01281,3480,0.083434,0.631261,0.0,1,0,0,0
01282,8193,0.055901,0.5413,1.0,1,0,0,0
01283,6760,0.017703,0.665406,1.0,1,0,0,0
01284,9742,0.064995,0.577417,1.0,0,1,0,0
01287,8193,0.061752,0.515833,1.0,1,0,0,0
01289,4220,0.063073,0.59759,0.0,0,0,0,1
01290,9196,0.070765,0.499376,1.0,0,0,1,0
01291,9196,0.102752,0.546398,1.0,0,0,1,0
01292,7520,0.05183,0.661357,1.0,1,0,0,0
01293,6711,0.067668,0.704534,0.5,0,1,0,0
01294,6460,0.019502,0.600534,1.0,0,1,0,0
01295,3480,0.0479,0.488328,0.0,1,0,0,0
01296,6296,0.048072,0.644378,0.5,1,0,0,0
01297,4660,0.027791,0.591101,0.0,0,0,1,0
01298,7520,0.0473,0.529509,1.0,1,0,0,0
01299,8680,0.087238,0.429225,1.0,0,0,1,0
01300,8082,0.125323,0.48052,1.0,0,0,1,0
01302,6591,0.100971,0.546739,0.5,0,0,1,0
01303,6760,0.072176,0.579665,1.0,1,0,0,0
01304,8193,0.069994,0.500292,1.0,1,0,0,0
01305,3100,0.087895,0.372179,0.0,0,0,0,1
01306,3100,0.10662,0.536334,0.0,0,0,0,1
01307,4660,0.047612,0.69866,0.0,0,0,1,0
01308,6460,0.102721,0.492313,1.0,0,1,0,0
01309,9196,0.021997,0.683421,1.0,0,0,1,0
01310,8680,0.022477,0.559842,1.0,0,0,1,0
01311,8082,0.046857,0.52513,1.0,0,0,1,0
01315,8520,0.039084,0.658954,1.0,0,0,0,1
01316,8082,0.027561,0.419122,1.0,0,0,1,0
01317,6460,0.048923,0.535271,1.0,0,1,0,0
01319,8082,0.027561,0.419122,1.0,0,0,1,0
01323,4247,0.069369,0.641685,0.0,0,0,1,0
01325,6760,0.098513,0.497708,1.0,1,0,0,0
01326,4004,0.078663,0.454565,0.0,0,1,0,0
01327,8193,0.058162,0.573835,1.0,1,0,0,0
01328,4220,0.026554,0.68468,0.0,0,0,0,1
01329,7520,0.102713,0.486503,1.0,1,0,0,0
01331,4660,0.047367,0.510332,0.0,0,0,1,0
01332,9742,0.029296,0.679798,1.0,0,1,0,0
01333,3100,0.079822,0.440317,0.0,0,0,0,1
01334,8193,0.139534,0.473224,1.0,1,0,0,0
01337,8680,0.111998,0.418787,1.0,0,0,1,0
01339,8680,0.076287,0.688894,1.0,0,0,1,0
01341,4660,0.025268,0.662759,0.0,0,0,1,0
01342,3713,0.079497,0.441624,0.0,0,0,0,1
01345,4660,0.066177,0.418308,0.0,0,0,1,0
01346,3713,0.038487,0.694201,0.0,0,0,0,1
01347,4660,0.036311,0.594178,0.0,0,0,1,0
01348,4247,0.094196,0.676639,0.0,0,0,1,0
01349,3713,0.017471,0.663239,0.0,0,0,0,1
01350,8680,0.040924,0.559974,1.0,0,0,1,0
01351,4660,0.046827,0.601812,0.0,0,0,1,0
01352,3480,0.042229,0.647145,0.0,1,0,0,0
01353,3480,0.046269,0.628399,0.0,1,0,0,0
01354,8680,0.050831,0.501413,1.0,0,0,1,0
01355,3100,0.079895,0.381671,0.0,0,0,0,1
01356,4004,0.081286,0.439121,0.0,0,1,0,0
01357,8193,0.103871,0.550596,1.0,1,0,0,0
01358,3100,0.019858,0.503899,0.0,0,0,0,1
01359,6460,0.046547,0.655841,1.0,0,1,0,0
01361,3100,0.016227,0.65799,0.0,0,0,0,1
01364,6076,0.079805,0.690192,0.5,0,1,0,0
01365,8193,0.049846,0.680299,1.0,1,0,0,0
01366,8680,0.103711,0.443344,1.0,0,0,1,0
01368,6460,0.030028,0.594078,1.0,0,1,0,0
01371,4247,0.050736,0.56121,0.0,0,0,1,0
01375,6460,0.083373,0.536866,1.0,0,1,0,0
01377,3100,0.076502,0.553101,0.0,0,0,0,1
01382,4220,-0.000313,0.66715,0.0,0,0,0,1
01384,8520,0.048134,0.650289,1.0,0,0,0,1
01386,6753,0.0438,0.697479,0.5,0,0,0,1
01390,6460,0.033388,0.580726,1.0,0,1,0,0
01391,8520,0.064014,0.466999,1.0,0,0,0,1
01392,3100,0.045155,0.460434,0.0,0,0,0,1
01394,3480,0.070347,0.630114,0.0,1,0,0,0
01396,3100,0.077448,0.429226,0.0,0,0,0,1
01397,4004,0.063922,0.560493,0.0,0,1,0,0
01398,6760,0.013606,0.700355,1.0,1,0,0,0
01400,5880,0.024288,0.684285,0.5,0,0,0,1
01402,7520,0.05183,0.661357,1.0,1,0,0,0
01403,8082,0.050785,0.712804,1.0,0,0,1,0
01404,7520,0.013626,0.649921,1.0,1,0,0,0
01405,5264,0.040175,0.453139,0.5,1,0,0,0
01406,8193,0.061283,0.659764,1.0,1,0,0,0
01407,9742,0.097309,0.56183,1.0,0,1,0,0
01409,3713,0.061787,0.431148,0.0,0,0,0,1
01410,5880,0.000141,0.646812,0.5,0,0,0,1
01413,8193,0.080966,0.526392,1.0,1,0,0,0
01414,6711,0.055117,0.694025,0.5,0,1,0,0
01416,3480,0.025902,0.293761,0.0,1,0,0,0
01417,8680,0.115134,0.552408,1.0,0,0,1,0
01418,6076,0.10513,0.662449,0.5,0,1,0,0
01419,3713,0.068458,0.492538,0.0,0,0,0,1
01420,8680,0.118088,0.544736,1.0,0,0,1,0
01422,6760,0.089184,0.494072,1.0,1,0,0,0
01423,8520,0.129374,0.502281,1.0,0,0,0,1
01425,8082,0.123482,0.425904,1.0,0,0,1,0
01426,6460,0.102721,0.492313,1.0,0,1,0,0
01427,8520,0.086283,0.498804,1.0,0,0,0,1
01428,8082,0.027985,0.60981,1.0,0,0,1,0
01429,8193,0.07696,0.677431,1.0,1,0,0,0
01430,7520,0.076642,0.529514,1.0,1,0,0,0
01432,8082,0.074853,0.730564,1.0,0,0,1,0
01433,8680,0.072888,0.588999,1.0,0,0,1,0
01434,8520,0.051308,0.471916,1.0,0,0,0,1
01435,3480,0.071266,0.46234,0.0,1,0,0,0
01437,4660,0.059695,0.418436,0.0,0,0,1,0
01439,6460,0.012654,0.596441,1.0,0,1,0,0
01440,7520,0.091473,0.491983,1.0,1,0,0,0
01441,4004,0.057327,0.477198,0.0,0,1,0,0
01442,3713,0.08066,0.443166,0.0,0,0,0,1
01443,9196,0.111082,0.517798,1.0,0,0,1,0
01445,9196,0.042902,0.689917,1.0,0,0,1,0
01446,7520,0.063289,0.444782,1.0,1,0,0,0
01447,8193,0.031422,0.667164,1.0,1,0,0,0
01448,3713,0.018825,0.701585,0.0,0,0,0,1
01449,3713,0.10434,0.429093,0.0,0,0,0,1
01450,9742,0.050615,0.470623,1.0,0,1,0,0
01452,4660,0.059695,0.418436,0.0,0,0,1,0
01453,6460,0.063121,0.452548,1.0,0,1,0,0
01454,8680,0.040924,0.559974,1.0,0,0,1,0
01455,3100,0.035547,0.508716,0.0,0,0,0,1
01456,8680,0.05212,0.48842,1.0,0,0,1,0
01458,8680,0.052737,0.712199,1.0,0,0,1,0
01459,4004,0.081286,0.439121,0.0,0,1,0,0
01460,6460,0.127003,0.528866,1.0,0,1,0,0
01461,4220,0.013723,0.693213,0.0,0,0,0,1
01462,6760,0.055438,0.438669,1.0,1,0,0,0
01463,7520,0.052872,0.521081,1.0,1,0,0,0
01464,3713,0.043679,0.559571,0.0,0,0,0,1
01466,8680,0.030577,0.675813,1.0,0,0,1,0
01470,3480,0.069819,0.55093,0.0,1,0,0,0
01471,9196,0.094606,0.499288,1.0,0,0,1,0
01472,8520,0.139774,0.550734,1.0,0,0,0,1
01474,6760,0.070115,0.533586,1.0,1,0,0,0
01475,8680,0.084252,0.498359,1.0,0,0,1,0
01476,9196,0.015906,0.658369,1.0,0,0,1,0
01477,4004,0.063108,0.630855,0.0,0,1,0,0
01479,3713,0.105585,0.449322,0.0,0,0,0,1
01480,6460,0.008995,0.717875,1.0,0,1,0,0
01482,3713,0.014154,0.687911,0.0,0,0,0,1
01483,7520,0.022826,0.682651,1.0,1,0,0,0
01485,7520,0.078309,0.526847,1.0,1,0,0,0
01486,3100,0.04759,0.55432,0.0,0,0,0,1
01487,4220,0.074216,0.443757,0.0,0,0,0,1
01489,4004,0.054756,0.64401,0.0,0,1,0,0
01492,6760,0.092638,0.478411,1.0,1,0,0,0
01493,7520,0.020932,0.694608,1.0,1,0,0,0
01497,9742,0.125867,0.627372,1.0,0,1,0,0
01499,4247,0.092715,0.433203,0.0,0,0,1,0
01500,3100,0.023406,0.49695,0.0,0,0,0,1
01501,6460,0.006789,0.704641,1.0,0,1,0,0
01503,6460,0.048923,0.535271,1.0,0,1,0,0
01504,4004,0.066521,0.634242,0.0,0,1,0,0
01505,8082,0.089116,0.504023,1.0,0,0,1,0
01508,9742,0.025896,0.617581,1.0,0,1,0,0
01509,4220,0.038941,0.38224,0.0,0,0,0,1
01512,6760,0.004543,0.668359,1.0,1,0,0,0
01514,9742,0.073069,0.499214,1.0,0,1,0,0
01519,6760,0.083587,0.508075,1.0,1,0,0,0
01520,4247,0.082934,0.476923,0.0,0,0,1,0
01523,9742,0.07048,0.426391,1.0,0,1,0,0
01524,8082,0.094431,0.5067,1.0,0,0,1,0
01525,4247,0.081764,0.434285,0.0,0,0,1,0
01527,9742,0.040783,0.612422,1.0,0,1,0,0
01528,8193,0.019612,0.587604,1.0,1,0,0,0
01529,4660,0.047612,0.69866,0.0,0,0,1,0
01530,4004,0.044076,0.376525,0.0,0,1,0,0
01532,5880,-0.002045,0.643304,0.5,0,0,0,1
01533,6296,0.010349,0.507231,0.5,1,0,0,0
01534,6760,0.025186,0.598373,1.0,1,0,0,0
01535,4247,0.06134,0.440231,0.0,0,0,1,0
01536,6460,0.031732,0.615579,1.0,0,1,0,0
01537,3713,0.067173,0.427894,0.0,0,0,0,1
01538,3480,0.069819,0.55093,0.0,1,0,0,0
01539,8680,0.036897,0.498767,1.0,0,0,1,0
01541,4247,0.102543,0.63915,0.0,0,0,1,0
01542,8520,0.03368,0.663935,1.0,0,0,0,1
01543,6760,0.043404,0.480611,1.0,1,0,0,0
01544,7520,0.05183,0.661357,1.0,1,0,0,0
01545,3100,0.015699,0.68207,0.0,0,0,0,1
01546,8082,0.091501,0.441607,1.0,0,0,1,0
01547,6760,0.005803,0.324791,1.0,1,0,0,0
01549,4220,0.023958,0.586919,0.0,0,0,0,1
01550,8193,0.056225,0.625104,1.0,1,0,0,0
01552,4220,0.081324,0.445338,0.0,0,0,0,1
01553,3480,0.055635,0.360579,0.0,1,0,0,0
01555,4220,0.074216,0.443757,0.0,0,0,0,1
01556,7520,0.048704,0.451696,1.0,1,0,0,0
01557,5264,0.034239,0.489832,0.5,1,0,0,0
01558,4247,0.078483,0.442997,0.0,0,0,1,0
01560,6760,0.092638,0.478411,1.0,1,0,0,0
01562,4004,0.069489,0.404977,0.0,0,1,0,0
01563,9742,0.084779,0.487048,1.0,0,1,0,0
01564,4004,0.10193,0.523207,0.0,0,1,0,0
01565,9196,0.015906,0.658369,1.0,0,0,1,0
01566,7520,0.020651,0.511396,1.0,1,0,0,0
01567,6460,0.087735,0.45576,1.0,0,1,0,0
01570,4247,0.065023,0.65957,0.0,0,0,1,0
01572,3480,0.056366,0.675357,0.0,1,0,0,0
01574,6760,0.074881,0.554379,1.0,1,0,0,0
01575,8680,0.022477,0.559842,1.0,0,0,1,0
01578,4220,0.05998,0.664283,0.0,0,0,0,1
01582,8680,0.118088,0.544736,1.0,0,0,1,0
01583,3713,0.057765,0.507875,0.0,0,0,0,1
01584,3100,0.078823,0.499322,0.0,0,0,0,1
01585,9742,0.081408,0.511816,1.0,0,1,0,0
01586,4004,0.047876,0.684944,0.0,0,1,0,0
01587,6460,0.087735,0.45576,1.0,0,1,0,0
01588,3480,0.094357,0.43141,0.0,1,0,0,0
01590,8082,0.037084,0.518781,1.0,0,0,1,0
01592,6460,0.095296,0.48679,1.0,0,1,0,0
01594,3480,0.054358,0.568704,0.0,1,0,0,0
01595,8082,0.027985,0.60981,1.0,0,0,1,0
01596,8520,0.068896,0.481009,1.0,0,0,0,1
01597,8680,0.053749,0.684848,1.0,0,0,1,0
01598,8680,0.0594,0.444843,1.0,0,0,1,0
01599,9742,0.041057,0.704035,1.0,0,1,0,0
01600,6296,0.016605,0.610465,0.5,1,0,0,0
01605,6296,0.011252,0.655832,0.5,1,0,0,0
01607,8082,0.04646,0.698059,1.0,0,0,1,0
01612,4660,0.079883,0.665356,0.0,0,0,1,0
01613,3713,0.036267,0.464742,0.0,0,0,0,1
01614,8193,0.049875,0.591888,1.0,1,0,0,0
01615,8520,0.007593,0.695778,1.0,0,0,0,1
01617,7520,0.091473,0.491983,1.0,1,0,0,0
01619,8520,0.01674,0.676294,1.0,0,0,0,1
01620,9742,0.014547,0.663212,1.0,0,1,0,0
01621,9196,0.041439,0.672829,1.0,0,0,1,0
01623,3100,0.087895,0.372179,0.0,0,0,0,1
01624,5264,0.050779,0.418542,0.5,1,0,0,0
01626,9742,0.125867,0.627372,1.0,0,1,0,0
01629,8082,0.089144,0.60793,1.0,0,0,1,0
01630,3100,0.04759,0.55432,0.0,0,0,0,1
01632,9742,0.073069,0.499214,1.0,0,1,0,0
01633,8520,0.010259,0.681364,1.0,0,0,0,1
01634,4220,0.059933,0.493026,0.0,0,0,0,1
01635,8520,0.007312,0.691565,1.0,0,0,0,1
01637,4660,0.079883,0.665356,0.0,0,0,1,0
01639,4660,0.010653,0.703576,0.0,0,0,1,0
01640,6296,0.047606,0.511576,0.5,1,0,0,0
01641,8193,0.07964,0.669324,1.0,1,0,0,0
01642,3480,0.043366,0.654196,0.0,1,0,0,0
01643,8082,0.044023,0.433199,1.0,0,0,1,0
01644,3713,0.053335,0.388651,0.0,0,0,0,1
01645,6460,0.057831,0.396238,1.0,0,1,0,0
01646,8520,0.066459,0.475124,1.0,0,0,0,1
01648,8520,0.051308,0.471916,1.0,0,0,0,1
01649,3713,0.013109,0.704849,0.0,0,0,0,1
01653,4220,0.074216,0.443757,0.0,0,0,0,1
01654,4247,0.081764,0.434285,0.0,0,0,1,0
01656,8193,0.07395,0.455987,1.0,1,0,0,0
01657,8680,0.032467,0.668648,1.0,0,0,1,0
01658,6760,0.019095,0.599747,1.0,1,0,0,0
01662,5880,0.000141,0.646812,0.5,0,0,0,1
01663,9742,0.073346,0.646525,1.0,0,1,0,0
01665,8680,0.096169,0.469593,1.0,0,0,1,0
01667,4660,0.068512,0.392328,0.0,0,0,1,0
01668,4004,0.063108,0.630855,0.0,0,1,0,0
01669,8520,0.079852,0.553151,1.0,0,0,0,1
01670,3480,0.043366,0.654196,0.0,1,0,0,0
01671,4220,0.07559,0.390911,0.0,0,0,0,1
01673,7520,0.052729,0.492916,1.0,1,0,0,0
01674,5264,0.059712,0.502125,0.5,1,0,0,0
01675,4004,0.027651,0.373703,0.0,0,1,0,0
01676,3100,0.065694,0.410168,0.0,0,0,0,1
01677,3100,0.078823,0.499322,0.0,0,0,0,1
01678,7520,0.064838,0.499843,1.0,1,0,0,0
01680,6076,0.032748,0.688011,0.5,0,1,0,0
01681,3713,0.079497,0.441624,0.0,0,0,0,1
01682,9742,0.081388,0.495109,1.0,0,1,0,0
01683,4247,0.097194,0.46239,0.0,0,0,1,0
01689,9742,0.030662,0.515493,1.0,0,1,0,0
01690,4220,0.045853,0.421421,0.0,0,0,0,1
01691,4220,0.038941,0.38224,0.0,0,0,0,1
01696,6760,0.045616,0.573241,1.0,1,0,0,0
01701,8520,0.04825,0.473132,1.0,0,0,0,1
01703,3100,0.065916,0.391259,0.0,0,0,0,1
01704,4220,-0.004363,0.686928,0.0,0,0,0,1
01706,9196,0.072737,0.451536,1.0,0,0,1,0
01707,4660,0.073013,0.465042,0.0,0,0,1,0
01708,4660,0.057979,0.398231,0.0,0,0,1,0
01709,8680,0.064306,0.535877,1.0,0,0,1,0
01710,8680,0.05209,0.688174,1.0,0,0,1,0
01711,8193,0.129242,0.519392,1.0,1,0,0,0
01712,9742,0.132045,0.499211,1.0,0,1,0,0
01713,4660,0.018134,0.652842,0.0,0,0,1,0
01714,8680,0.050831,0.501413,1.0,0,0,1,0
01715,9196,0.056377,0.514247,1.0,0,0,1,0
01716,3480,0.059661,0.634864,0.0,1,0,0,0
01717,6460,-0.007838,0.74118,1.0,0,1,0,0
01718,9196,0.070765,0.499376,1.0,0,0,1,0
01719,3100,0.076502,0.553101,0.0,0,0,0,1
01721,7520,0.035383,0.686548,1.0,1,0,0,0
01724,8520,0.066907,0.45526,1.0,0,0,0,1
01726,8193,0.059545,0.654401,1.0,1,0,0,0
01728,9196,0.07613,0.476032,1.0,0,0,1,0
01729,8520,0.023052,0.493348,1.0,0,0,0,1
01730,6760,0.005803,0.324791,1.0,1,0,0,0
01731,7438,0.096819,0.688721,0.5,0,1,0,0
01732,6460,-0.007288,0.733181,1.0,0,1,0,0
01733,4004,0.044166,0.694088,0.0,0,1,0,0
01734,3100,0.065916,0.391259,0.0,0,0,0,1
01736,4660,0.006756,0.136364,0.0,0,0,1,0
01737,8082,0.084875,0.476886,1.0,0,0,1,0
01738,4660,0.039311,0.675577,0.0,0,0,1,0
01739,8082,0.088173,0.465002,1.0,0,0,1,0
01740,6760,0.004684,0.701132,1.0,1,0,0,0
01741,4247,0.042207,0.331651,0.0,0,0,1,0
01742,8082,0.011863,0.60579,1.0,0,0,1,0
01743,6460,0.080094,0.663936,1.0,0,1,0,0
01744,4247,0.062191,0.3836,0.0,0,0,1,0
01746,8680,0.099984,0.431437,1.0,0,0,1,0
01747,4004,0.054756,0.64401,0.0,0,1,0,0
01749,9742,0.029296,0.679798,1.0,0,1,0,0
01752,3480,0.063481,0.502821,0.0,1,0,0,0
01753,8193,0.109015,0.489261,1.0,1,0,0,0
01754,8193,0.118173,0.551395,1.0,1,0,0,0
01755,8520,0.046121,0.493458,1.0,0,0,0,1
01756,6076,0.068763,0.665258,0.5,0,1,0,0
01761,7520,0.003604,0.688427,1.0,1,0,0,0
01762,7438,0.003813,0.704313,0.5,0,1,0,0
01763,9742,0.07048,0.426391,1.0,0,1,0,0
01764,8082,0.023816,0.596434,1.0,0,0,1,0
01765,6296,0.004062,0.487983,0.5,1,0,0,0
01766,3100,0.043576,0.433403,0.0,0,0,0,1
01767,6760,0.045616,0.573241,1.0,1,0,0,0
01768,6760,0.074222,0.573819,1.0,1,0,0,0
01769,6296,0.048072,0.644378,0.5,1,0,0,0
01770,8193,0.058162,0.573835,1.0,1,0,0,0
01772,7520,0.013626,0.649921,1.0,1,0,0,0
01773,7520,0.039652,0.456049,1.0,1,0,0,0
01774,8520,0.031195,0.636063,1.0,0,0,0,1
01775,8193,0.08219,0.651923,1.0,1,0,0,0
01776,3100,0.023406,0.49695,0.0,0,0,0,1
01777,4247,0.052309,0.409591,0.0,0,0,1,0
01778,4247,0.102543,0.63915,0.0,0,0,1,0
01779,8082,0.05697,0.711162,1.0,0,0,1,0
01780,9742,0.084779,0.487048,1.0,0,1,0,0
01781,4220,0.025875,0.513442,0.0,0,0,0,1
01784,5264,0.038956,0.438422,0.5,1,0,0,0
01785,3100,0.044722,0.423597,0.0,0,0,0,1
01786,5264,0.051365,0.406153,0.5,1,0,0,0
01787,4247,0.05652,0.453719,0.0,0,0,1,0
01788,8193,0.10938,0.632521,1.0,1,0,0,0
01791,3713,0.070766,0.431169,0.0,0,0,0,1
01793,9196,0.056377,0.514247,1.0,0,0,1,0
01794,7520,0.078309,0.526847,1.0,1,0,0,0
01795,3480,0.056366,0.675357,0.0,1,0,0,0
01796,8193,0.107787,0.557847,1.0,1,0,0,0
01797,4220,0.045419,0.596492,0.0,0,0,0,1
01798,4220,-0.000313,0.66715,0.0,0,0,0,1
01799,8680,0.102178,0.490432,1.0,0,0,1,0
01800,4004,0.025153,0.512579,0.0,0,1,0,0
01801,6460,0.063121,0.452548,1.0,0,1,0,0
01803,4220,0.057375,0.445377,0.0,0,0,0,1
01804,8680,0.057576,0.602933,1.0,0,0,1,0
01806,8193,0.089961,0.574577,1.0,1,0,0,0
01809,3480,0.075093,0.63006,0.0,1,0,0,0
01810,4004,0.076904,0.585678,0.0,0,1,0,0
01811,9196,0.046816,0.501282,1.0,0,0,1,0
01812,8082,0.122426,0.505203,1.0,0,0,1,0
01813,3713,0.06212,0.428201,0.0,0,0,0,1
01816,4660,0.045835,0.696394,0.0,0,0,1,0
01817,8082,0.04646,0.698059,1.0,0,0,1,0
01818,6760,0.130393,0.459075,1.0,1,0,0,0
01819,6460,0.083373,0.536866,1.0,0,1,0,0
01822,9196,0.100226,0.433905,1.0,0,0,1,0
01823,8520,0.04561,0.659437,1.0,0,0,0,1
01824,7520,0.013626,0.649921,1.0,1,0,0,0
01825,4004,0.045946,0.394895,0.0,0,1,0,0
01827,8520,0.046121,0.493458,1.0,0,0,0,1
01829,8520,0.026127,0.667382,1.0,0,0,0,1
01831,4004,0.091579,0.459469,0.0,0,1,0,0
01832,8520,0.066459,0.475124,1.0,0,0,0,1
01834,7520,0.026874,0.687446,1.0,1,0,0,0
01835,8193,0.123632,0.538227,1.0,1,0,0,0
01836,9742,0.053707,0.700202,1.0,0,1,0,0
01837,5880,0.007383,0.659297,0.5,0,0,0,1
01838,9196,0.067772,0.529993,1.0,0,0,1,0
01839,9196,0.084525,0.489721,1.0,0,0,1,0
01840,6460,0.006789,0.704641,1.0,0,1,0,0
01842,6460,0.048923,0.535271,1.0,0,1,0,0
01844,6460,0.065468,0.523683,1.0,0,1,0,0
01845,9742,0.043377,0.654497,1.0,0,1,0,0
01847,4220,0.06926,0.409708,0.0,0,0,0,1
01848,9742,0.030662,0.515493,1.0,0,1,0,0
01849,3100,0.097224,0.441937,0.0,0,0,0,1
01850,9196,0.084525,0.489721,1.0,0,0,1,0
01851,4004,0.019935,0.559578,0.0,0,1,0,0
01852,4004,0.057327,0.477198,0.0,0,1,0,0
01854,4220,0.026554,0.68468,0.0,0,0,0,1
01855,3100,0.004762,0.671162,0.0,0,0,0,1
01856,8680,0.10432,0.661006,1.0,0,0,1,0
01858,8082,0.027104,0.483287,1.0,0,0,1,0
01859,7520,0.035383,0.686548,1.0,1,0,0,0
01861,4247,0.052309,0.409591,0.0,0,0,1,0
01864,4004,0.097251,0.511126,0.0,0,1,0,0
01865,9196,0.122757,0.452229,1.0,0,0,1,0
01866,8520,0.088539,0.533015,1.0,0,0,0,1
01867,6460,0.036559,0.500466,1.0,0,1,0,0
01868,4247,0.04502,0.652534,0.0,0,0,1,0
01869,4220,0.052509,0.400651,0.0,0,0,0,1
01870,4660,0.090107,0.62196,0.0,0,0,1,0
01871,4220,0.013723,0.693213,0.0,0,0,0,1
01874,4247,0.050736,0.56121,0.0,0,0,1,0
01875,8520,0.076374,0.451177,1.0,0,0,0,1
01878,7520,0.116762,0.477431,1.0,1,0,0,0
01879,6460,0.083373,0.536866,1.0,0,1,0,0
01880,3713,0.020037,0.69693,0.0,0,0,0,1
01881,8680,0.072888,0.588999,1.0,0,0,1,0
01882,7520,0.028329,0.650074,1.0,1,0,0,0
01883,9742,0.010617,0.678516,1.0,0,1,0,0
01884,9196,0.01173,0.710942,1.0,0,0,1,0
01886,8680,0.05209,0.688174,1.0,0,0,1,0
01887,9742,0.073346,0.646525,1.0,0,1,0,0
01892,8520,0.100215,0.656381,1.0,0,0,0,1
01893,5880,-0.000493,0.689735,0.5,0,0,0,1
01894,4004,0.05382,0.447661,0.0,0,1,0,0
01897,4004,0.027651,0.373703,0.0,0,1,0,0
01898,8082,0.091501,0.441607,1.0,0,0,1,0
01899,7520,0.052872,0.521081,1.0,1,0,0,0
01901,4660,0.054835,0.591757,0.0,0,0,1,0
01904,3100,0.030081,0.396473,0.0,0,0,0,1
01905,4247,0.075882,0.391076,0.0,0,0,1,0
01906,6760,0.130393,0.459075,1.0,1,0,0,0
01907,8193,0.071718,0.590625,1.0,1,0,0,0
01908,4004,0.066521,0.634242,0.0,0,1,0,0
01911,6296,0.015254,0.555607,0.5,1,0,0,0
01912,7520,0.026115,0.689646,1.0,1,0,0,0
01915,3713,0.051632,0.477895,0.0,0,0,0,1
01916,8680,0.054391,0.679109,1.0,0,0,1,0
01918,9742,0.059542,0.683719,1.0,0,1,0,0
01919,9196,-0.006826,0.666122,1.0,0,0,1,0
01921,4660,0.056146,0.71543,0.0,0,0,1,0
01922,8193,0.09752,0.494217,1.0,1,0,0,0
01923,4660,0.086125,0.398811,0.0,0,0,1,0
01924,3480,0.042229,0.647145,0.0,1,0,0,0
01925,3713,0.110383,0.427734,0.0,0,0,0,1
01926,6753,0.046661,0.691518,0.5,0,0,0,1
01927,4220,0.047189,0.465851,0.0,0,0,0,1
01929,4247,0.082298,0.489085,0.0,0,0,1,0
01930,9196,0.078324,0.418405,1.0,0,0,1,0
01931,6591,0.12276,0.40346,0.5,0,0,1,0
01932,8193,0.107787,0.557847,1.0,1,0,0,0
01934,8520,0.03964,0.674842,1.0,0,0,0,1
01935,8680,0.071217,0.470037,1.0,0,0,1,0
01936,4220,-0.004363,0.686928,0.0,0,0,0,1
01937,4660,0.034771,0.685133,0.0,0,0,1,0
01938,4220,0.047189,0.465851,0.0,0,0,0,1
01939,6460,0.087735,0.45576,1.0,0,1,0,0
01942,8520,0.015036,0.700661,1.0,0,0,0,1
01943,3713,0.051376,0.428038,0.0,0,0,0,1
01945,6711,0.040872,0.714726,0.5,0,1,0,0
01946,8520,0.03964,0.674842,1.0,0,0,0,1
01948,3713,0.038777,0.68953,0.0,0,0,0,1
01949,6760,0.072176,0.579665,1.0,1,0,0,0
01950,4247,0.030554,0.331594,0.0,0,0,1,0
01951,4247,0.052737,0.41354,0.0,0,0,1,0
01952,3480,0.059771,0.641062,0.0,1,0,0,0
01953,8520,0.031195,0.636063,1.0,0,0,0,1
01956,7520,0.003604,0.688427,1.0,1,0,0,0
01957,6753,0.031792,0.669438,0.5,0,0,0,1
01958,9742,0.034265,0.699007,1.0,0,1,0,0
01959,8193,0.07826,0.651702,1.0,1,0,0,0
01960,3713,0.063453,0.442042,0.0,0,0,0,1
01961,6760,0.005955,0.699501,1.0,1,0,0,0
01962,3100,0.061636,0.469653,0.0,0,0,0,1
01963,6711,0.041887,0.692946,0.5,0,1,0,0
01964,3480,0.074857,0.429514,0.0,1,0,0,0
01966,8193,0.107209,0.615194,1.0,1,0,0,0
01968,3713,0.08066,0.443166,0.0,0,0,0,1
01970,8520,0.010259,0.681364,1.0,0,0,0,1
01971,3100,0.005313,0.706722,0.0,0,0,0,1
01973,6460,0.008995,0.717875,1.0,0,1,0,0
01974,8680,0.103711,0.443344,1.0,0,0,1,0
01975,6460,0.042965,0.463216,1.0,0,1,0,0
01977,8520,0.100215,0.656381,1.0,0,0,0,1
01978,3480,0.059124,0.579095,0.0,1,0,0,0
01979,7520,0.051879,0.685966,1.0,1,0,0,0
01980,8520,0.009232,0.677229,1.0,0,0,0,1
01981,6296,0.011002,0.586695,0.5,1,0,0,0
01982,4247,0.060254,0.644467,0.0,0,0,1,0
01984,6760,0.070115,0.533586,1.0,1,0,0,0
01988,9742,0.078207,0.599174,1.0,0,1,0,0
01989,4004,0.04525,0.399709,0.0,0,1,0,0
01992,3100,0.078823,0.499322,0.0,0,0,0,1
01993,3713,0.059855,0.44102,0.0,0,0,0,1
01994,3480,0.060947,0.435933,0.0,1,0,0,0
01995,8520,0.051677,0.684414,1.0,0,0,0,1
01996,4004,0.067852,0.439585,0.0,0,1,0,0
01997,6760,-0.00721,0.704868,1.0,1,0,0,0
01998,3713,0.050848,0.431512,0.0,0,0,0,1
01999,6460,0.042965,0.463216,1.0,0,1,0,0
02001,6460,0.055308,0.457629,1.0,0,1,0,0
02002,8082,0.062749,0.393337,1.0,0,0,1,0
02003,7520,0.003604,0.688427,1.0,1,0,0,0
02004,6076,0.033171,0.6958,0.5,0,1,0,0
02005,3713,0.110383,0.427734,0.0,0,0,0,1
02006,5264,0.093969,0.462913,0.5,1,0,0,0
02007,8082,0.04093,0.50821,1.0,0,0,1,0
02008,8193,0.058162,0.573835,1.0,1,0,0,0
02009,6591,0.061458,0.596698,0.5,0,0,1,0
02013,4004,0.115978,0.49739,0.0,0,1,0,0
02016,4220,0.087351,0.506515,0.0,0,0,0,1
02017,4220,0.063073,0.59759,0.0,0,0,0,1
02019,7520,0.053835,0.470428,1.0,1,0,0,0
02020,4220,0.03684,0.558774,0.0,0,0,0,1
02021,8082,0.122426,0.505203,1.0,0,0,1,0
02022,4660,0.066177,0.418308,0.0,0,0,1,0
02023,8082,0.089144,0.60793,1.0,0,0,1,0
02024,9742,0.127846,0.496413,1.0,0,1,0,0
02025,6760,0.07899,0.600885,1.0,1,0,0,0
02026,3100,0.01606,0.68939,0.0,0,0,0,1
02027,4220,0.055094,0.413757,0.0,0,0,0,1
02029,8520,0.039084,0.658954,1.0,0,0,0,1
02030,7438,0.065286,0.69056,0.5,0,1,0,0
02031,6591,0.13127,0.654855,0.5,0,0,1,0
02032,8193,0.088271,0.473576,1.0,1,0,0,0
02033,8193,0.013457,0.48024,1.0,1,0,0,0
02034,3713,0.043679,0.559571,0.0,0,0,0,1
02037,4004,0.050699,0.494988,0.0,0,1,0,0
02038,3100,0.051015,0.410123,0.0,0,0,0,1
02039,7520,0.096166,0.495512,1.0,1,0,0,0
02040,4660,0.054216,0.635035,0.0,0,0,1,0
02041,4660,0.0565,0.613383,0.0,0,0,1,0
02042,7438,0.029955,0.693445,0.5,0,1,0,0
02043,4220,0.025875,0.513442,0.0,0,0,0,1
02044,8680,0.051447,0.6701,1.0,0,0,1,0
02045,9196,0.068075,0.509678,1.0,0,0,1,0
02046,6711,0.037117,0.703031,0.5,0,1,0,0
02047,9742,0.056001,0.614347,1.0,0,1,0,0
02048,6460,0.065468,0.523683,1.0,0,1,0,0
02049,8520,0.056256,0.56757,1.0,0,0,0,1
02051,4660,0.045019,0.672539,0.0,0,0,1,0
02052,6753,0.046661,0.691518,0.5,0,0,0,1
02055,5880,0.007383,0.659297,0.5,0,0,0,1
02056,3713,0.079246,0.435798,0.0,0,0,0,1
02057,3100,0.079895,0.381671,0.0,0,0,0,1
02058,4220,0.055094,0.413757,0.0,0,0,0,1
02059,4004,0.10193,0.523207,0.0,0,1,0,0
02061,8082,0.05697,0.711162,1.0,0,0,1,0
02062,6760,0.098513,0.497708,1.0,1,0,0,0
02063,3713,0.051376,0.428038,0.0,0,0,0,1
02064,7520,0.039652,0.456049,1.0,1,0,0,0
02065,4247,0.05652,0.453719,0.0,0,0,1,0
02066,8680,0.03735,0.678318,1.0,0,0,1,0
02068,8680,0.10432,0.661006,1.0,0,0,1,0
02070,6460,0.048985,0.516796,1.0,0,1,0,0
02072,5264,0.093969,0.462913,0.5,1,0,0,0
02074,4004,0.050699,0.494988,0.0,0,1,0,0
02075,9196,0.06092,0.5406,1.0,0,0,1,0
02077,8193,0.013457,0.48024,1.0,1,0,0,0
02078,8680,0.012069,0.551331,1.0,0,0,1,0
02079,3100,0.056141,0.537707,0.0,0,0,0,1
02080,8193,0.049875,0.591888,1.0,1,0,0,0
02081,3100,0.043576,0.433403,0.0,0,0,0,1
02083,4660,0.039311,0.675577,0.0,0,0,1,0
02085,8680,0.053749,0.684848,1.0,0,0,1,0
02086,8520,0.023823,0.546154,1.0,0,0,0,1
02087,3713,0.04175,0.510876,0.0,0,0,0,1
02088,6460,-0.007656,0.721888,1.0,0,1,0,0
02089,4660,0.060198,0.557819,0.0,0,0,1,0
02094,3100,0.051015,0.410123,0.0,0,0,0,1
02095,4247,0.055597,0.483565,0.0,0,0,1,0
02096,6460,0.098484,0.651174,1.0,0,1,0,0
02097,4660,0.068512,0.392328,0.0,0,0,1,0
02098,6460,0.042965,0.463216,1.0,0,1,0,0
02099,9742,0.132045,0.499211,1.0,0,1,0,0
02100,4004,0.063981,0.454358,0.0,0,1,0,0
02104,6760,0.004543,0.668359,1.0,1,0,0,0
02106,4004,0.056796,0.47303,0.0,0,1,0,0
02107,4220,0.081324,0.445338,0.0,0,0,0,1
02110,4220,0.038941,0.38224,0.0,0,0,0,1
02111,4004,0.028296,0.470354,0.0,0,1,0,0
02112,3100,0.014902,0.684415,0.0,0,0,0,1
02114,3480,0.020141,0.667431,0.0,1,0,0,0
02115,9742,0.093249,0.471843,1.0,0,1,0,0
02116,3480,0.044062,0.421044,0.0,1,0,0,0
02120,6760,0.066857,0.563173,1.0,1,0,0,0
02123,8082,0.087351,0.544507,1.0,0,0,1,0
02125,6760,0.055438,0.438669,1.0,1,0,0,0
02126,4004,0.087893,0.665049,0.0,0,1,0,0
02127,4660,0.047367,0.510332,0.0,0,0,1,0
02130,6760,0.083587,0.508075,1.0,1,0,0,0
02131,3713,0.014154,0.687911,0.0,0,0,0,1
02132,4660,0.05353,0.471899,0.0,0,0,1,0
02133,7520,0.064323,0.445852,1.0,1,0,0,0
02134,8520,0.056955,0.430619,1.0,0,0,0,1
02135,4247,0.091559,0.363289,0.0,0,0,1,0
02136,4004,0.040864,0.474255,0.0,0,1,0,0
02137,4004,0.05382,0.447661,0.0,0,1,0,0
02138,6760,0.063441,0.56484,1.0,1,0,0,0
02139,8520,0.048134,0.650289,1.0,0,0,0,1
02141,3100,0.014902,0.684415,0.0,0,0,0,1
02142,7520,0.061883,0.535616,1.0,1,0,0,0
02143,6460,0.028348,0.68053,1.0,0,1,0,0
02144,4660,0.068865,0.431468,0.0,0,0,1,0
02145,8082,0.074853,0.730564,1.0,0,0,1,0
02146,5264,0.045936,0.418348,0.5,1,0,0,0
02147,8193,0.069994,0.500292,1.0,1,0,0,0
02148,3713,0.088705,0.407476,0.0,0,0,0,1
02149,4220,0.010233,0.717049,0.0,0,0,0,1
02152,8680,0.092055,0.532929,1.0,0,0,1,0
02153,3480,0.0748,0.639409,0.0,1,0,0,0
02154,8680,0.053376,0.632136,1.0,0,0,1,0
02155,4660,0.073013,0.465042,0.0,0,0,1,0
02159,5264,0.045936,0.418348,0.5,1,0,0,0
02164,6753,0.06741,0.672003,0.5,0,0,0,1
02165,6760,0.101447,0.463583,1.0,1,0,0,0
02166,6296,0.011002,0.586695,0.5,1,0,0,0
02167,3713,0.049838,0.526218,0.0,0,0,0,1
02170,4660,0.045019,0.672539,0.0,0,0,1,0
02173,8082,0.045598,0.556064,1.0,0,0,1,0
02174,6460,0.019502,0.600534,1.0,0,1,0,0
02175,3713,0.079246,0.435798,0.0,0,0,0,1
02176,8520,0.04128,0.483576,1.0,0,0,0,1
02177,8082,0.089116,0.504023,1.0,0,0,1,0
02181,7520,0.064323,0.445852,1.0,1,0,0,0
02183,9196,0.067772,0.529993,1.0,0,0,1,0
02184,8193,0.118173,0.551395,1.0,1,0,0,0
02185,9196,0.031996,0.674779,1.0,0,0,1,0
02186,6760,-0.00721,0.704868,1.0,1,0,0,0
02188,7520,0.022826,0.682651,1.0,1,0,0,0
02189,6760,0.072176,0.579665,1.0,1,0,0,0
02190,8520,0.064014,0.466999,1.0,0,0,0,1
02192,6460,0.028348,0.68053,1.0,0,1,0,0
02193,6076,0.068763,0.665258,0.5,0,1,0,0
02195,9196,0.041439,0.672829,1.0,0,0,1,0
02196,9742,0.125867,0.627372,1.0,0,1,0,0
02198,6753,0.049742,0.673807,0.5,0,0,0,1
02199,9742,0.093733,0.501947,1.0,0,1,0,0
02200,4004,0.077153,0.423317,0.0,0,1,0,0
02201,6460,0.065468,0.523683,1.0,0,1,0,0
02204,4004,0.076904,0.585678,0.0,0,1,0,0
02205,6460,0.065468,0.523683,1.0,0,1,0,0
02207,6460,-0.002781,0.720198,1.0,0,1,0,0
02208,4247,0.065023,0.65957,0.0,0,0,1,0
02209,9196,0.072147,0.625321,1.0,0,0,1,0
02210,4247,0.091218,0.36874,0.0,0,0,1,0
02211,9742,0.046115,0.489037,1.0,0,1,0,0
02214,3480,0.0486,0.398282,0.0,1,0,0,0
02215,3713,0.050638,0.467105,0.0,0,0,0,1
02216,3480,0.071266,0.46234,0.0,1,0,0,0
02218,8680,0.0594,0.444843,1.0,0,0,1,0
02219,3100,0.019858,0.503899,0.0,0,0,0,1
02220,8193,0.071718,0.590625,1.0,1,0,0,0
02224,8680,0.064306,0.535877,1.0,0,0,1,0
02226,3480,0.060947,0.435933,0.0,1,0,0,0
02228,4660,0.040678,0.377729,0.0,0,0,1,0
02229,9196,0.085785,0.664103,1.0,0,0,1,0
02230,6760,0.017703,0.665406,1.0,1,0,0,0
02232,6076,0.079805,0.690192,0.5,0,1,0,0
02233,8520,0.042884,0.67569,1.0,0,0,0,1
02234,3480,0.069774,0.50098,0.0,1,0,0,0
02235,3713,0.008557,0.695004,0.0,0,0,0,1
02237,4004,0.129226,0.491525,0.0,0,1,0,0
02238,6076,0.032748,0.688011,0.5,0,1,0,0
02239,4247,0.052258,0.411848,0.0,0,0,1,0
02240,4660,0.060198,0.557819,0.0,0,0,1,0
02241,7520,0.061883,0.535616,1.0,1,0,0,0
02242,8520,0.139774,0.550734,1.0,0,0,0,1
02245,4660,0.059328,0.454557,0.0,0,0,1,0
02247,3713,0.017471,0.663239,0.0,0,0,0,1
02249,3480,0.094357,0.43141,0.0,1,0,0,0
02252,9742,0.093495,0.608597,1.0,0,1,0,0
02254,8193,0.07395,0.455987,1.0,1,0,0,0
02258,3100,0.044722,0.423597,0.0,0,0,0,1
02259,9742,0.093733,0.501947,1.0,0,1,0,0
02260,6460,0.087735,0.45576,1.0,0,1,0,0
02262,4660,0.03796,0.517268,0.0,0,0,1,0
02263,6753,0.055663,0.658516,0.5,0,0,0,1
02264,8193,0.08085,0.676013,1.0,1,0,0,0
02265,3100,0.055854,0.696779,0.0,0,0,0,1
02267,3100,0.01606,0.68939,0.0,0,0,0,1
02268,7520,0.060308,0.381966,1.0,1,0,0,0
02269,6760,0.051226,0.448436,1.0,1,0,0,0
02270,3480,0.083434,0.631261,0.0,1,0,0,0
02272,7520,0.086754,0.518156,1.0,1,0,0,0
02273,7438,0.003537,0.703669,0.5,0,1,0,0
02275,4660,0.057979,0.398231,0.0,0,0,1,0
02277,8680,0.066542,0.46338,1.0,0,0,1,0
02278,5880,0.004921,0.690471,0.5,0,0,0,1
02279,4247,0.062095,0.409757,0.0,0,0,1,0
02280,4004,0.043788,0.516269,0.0,0,1,0,0
02281,6591,0.056749,0.645368,0.5,0,0,1,0
02282,8082,0.07073,0.431959,1.0,0,0,1,0
02283,9742,0.097309,0.56183,1.0,0,1,0,0
02284,4220,0.087351,0.506515,0.0,0,0,0,1
02286,6460,0.067376,0.666344,1.0,0,1,0,0
02287,3480,0.093616,0.426413,0.0,1,0,0,0
02288,8082,0.050785,0.712804,1.0,0,0,1,0
02289,7438,0.029955,0.693445,0.5,0,1,0,0
02290,6460,0.115325,0.49145,1.0,0,1,0,0
02291,8082,0.023816,0.596434,1.0,0,0,1,0
02296,6711,0.040872,0.714726,0.5,0,1,0,0
02297,8082,0.061414,0.40859,1.0,0,0,1,0
02298,6460,0.042965,0.463216,1.0,0,1,0,0
02299,9196,0.026356,0.704582,1.0,0,0,1,0
02300,4247,0.126774,0.638708,0.0,0,0,1,0
02301,3100,0.087895,0.372179,0.0,0,0,0,1
02302,3100,0.015699,0.68207,0.0,0,0,0,1
02303,7438,0.061514,0.689376,0.5,0,1,0,0
02305,8520,0.023823,0.546154,1.0,0,0,0,1
02307,3100,0.041358,0.400488,0.0,0,0,0,1
02308,3100,0.050515,0.419857,0.0,0,0,0,1
02309,6760,0.051434,0.710014,1.0,1,0,0,0
02311,6760,0.074222,0.573819,1.0,1,0,0,0
02317,5264,0.038956,0.438422,0.5,1,0,0,0
02318,4004,0.073541,0.519387,0.0,0,1,0,0
02323,4220,0.048127,0.504247,0.0,0,0,0,1
02325,4247,0.050926,0.478361,0.0,0,0,1,0
02329,4220,0.087351,0.506515,0.0,0,0,0,1
02330,8680,0.111998,0.418787,1.0,0,0,1,0
02332,3480,0.044385,0.663205,0.0,1,0,0,0
02333,6760,0.072296,0.504074,1.0,1,0,0,0
02335,6296,0.016605,0.610465,0.5,1,0,0,0
02336,4004,0.078663,0.454565,0.0,0,1,0,0
02337,4660,0.086125,0.398811,0.0,0,0,1,0
02339,4660,0.077967,0.369431,0.0,0,0,1,0
02340,6760,0.011639,0.647089,1.0,1,0,0,0
02341,3480,0.079165,0.689803,0.0,1,0,0,0
02342,4660,0.077371,0.394308,0.0,0,0,1,0
02343,8082,0.034711,0.445007,1.0,0,0,1,0
02344,4247,0.055153,0.565706,0.0,0,0,1,0
02345,8520,0.013509,0.68874,1.0,0,0,0,1
02347,9196,0.085413,0.526405,1.0,0,0,1,0
02348,8520,0.019502,0.680459,1.0,0,0,0,1
02349,4004,0.056796,0.47303,0.0,0,1,0,0
02350,9742,0.08396,0.434661,1.0,0,1,0,0
02351,8520,0.048134,0.650289,1.0,0,0,0,1
02352,7520,0.046552,0.459224,1.0,1,0,0,0
02353,3480,0.089925,0.483986,0.0,1,0,0,0
02354,8520,0.086283,0.498804,1.0,0,0,0,1
02356,5880,0.024288,0.684285,0.5,0,0,0,1
02357,9196,0.055688,0.370985,1.0,0,0,1,0
02358,6591,0.100971,0.546739,0.5,0,0,1,0
02359,3100,0.076502,0.553101,0.0,0,0,0,1
02360,8082,0.037485,0.422929,1.0,0,0,1,0
02365,4660,0.057643,0.655567,0.0,0,0,1,0
02366,4660,0.018134,0.652842,0.0,0,0,1,0
02367,4220,0.052509,0.400651,0.0,0,0,0,1
02369,8082,0.084875,0.476886,1.0,0,0,1,0
02371,9742,0.100518,0.647724,1.0,0,1,0,0
02372,7438,0.005804,0.724443,0.5,0,1,0,0
02373,4247,0.082298,0.489085,0.0,0,0,1,0
02375,6760,0.005955,0.699501,1.0,1,0,0,0
02376,8520,0.088539,0.533015,1.0,0,0,0,1
02379,8680,0.08073,0.650715,1.0,0,0,1,0
02380,4220,0.030035,0.707595,0.0,0,0,0,1
02381,9196,0.026356,0.704582,1.0,0,0,1,0
02383,6591,0.13127,0.654855,0.5,0,0,1,0
02385,9196,0.081712,0.487281,1.0,0,0,1,0
02386,8193,0.08085,0.676013,1.0,1,0,0,0
02387,6460,0.048923,0.535271,1.0,0,1,0,0
02388,8193,0.103871,0.550596,1.0,1,0,0,0
02392,3713,0.072612,0.466943,0.0,0,0,0,1
02394,7520,0.026115,0.689646,1.0,1,0,0,0
02395,4220,0.048127,0.504247,0.0,0,0,0,1
02396,4220,0.050591,0.508348,0.0,0,0,0,1
02397,9742,0.081388,0.495109,1.0,0,1,0,0
02402,3480,0.056889,0.41461,0.0,1,0,0,0
02403,4004,0.063922,0.560493,0.0,0,1,0,0
02405,9742,0.054827,0.50172,1.0,0,1,0,0
02406,4247,0.052737,0.41354,0.0,0,0,1,0
02407,9742,0.064995,0.577417,1.0,0,1,0,0
02408,9742,0.086986,0.474116,1.0,0,1,0,0
02409,6460,0.032715,0.714938,1.0,0,1,0,0
